17:10:04:22:35:57.0::Harkken,P[511693318@23789296 Harkken@sshookman],,*,Target Dummy,C[278516 Entity_Targetdummy],Electric Shot,Pn.Atk1ys1,Physical,,550.515,0
17:10:04:22:35:57.1::Harkken,P[511693318@23789296 Harkken@sshookman],,*,,*,Electric Shot,Pn.Atk1ys1,Power,,-11.9962,0
17:10:04:22:35:57.8::Harkken,P[511693318@23789296 Harkken@sshookman],,*,Target Dummy,C[278516 Entity_Targetdummy],Electric Shot,Pn.6e618t1,Physical,Critical,1000.41,0
17:10:04:22:35:57.8::Harkken,P[511693318@23789296 Harkken@sshookman],,*,Target Dummy,C[278516 Entity_Targetdummy],Longshot,Pn.6hn0so1,Physical,,199.055,0
17:10:04:22:35:57.9::Harkken,P[511693318@23789296 Harkken@sshookman],,*,,*,Electric Shot,Pn.6e618t1,Power,,-11.9962,0
17:10:04:22:35:58.7::Harkken,P[511693318@23789296 Harkken@sshookman],,*,Target Dummy,C[278516 Entity_Targetdummy],Electric Shot,Pn.2zr0it1,Physical,,882.413,0
17:10:04:22:35:58.8::Harkken,P[511693318@23789296 Harkken@sshookman],,*,,*,Electric Shot,Pn.2zr0it1,Power,,-17.1374,0
17:10:04:22:35:59.9::Harkken,P[511693318@23789296 Harkken@sshookman],,*,Target Dummy,C[278516 Entity_Targetdummy],Electric Shot,Pn.Atk1ys1,Physical,,536.041,0
17:10:04:22:35:59.9::Harkken,P[511693318@23789296 Harkken@sshookman],,*,,*,Electric Shot,Pn.Atk1ys1,Power,,-11.9962,0
17:10:04:22:36:00.7::Harkken,P[511693318@23789296 Harkken@sshookman],,*,Target Dummy,C[278516 Entity_Targetdummy],Electric Shot,Pn.6e618t1,Physical,,565.681,0
17:10:04:22:36:00.8::Harkken,P[511693318@23789296 Harkken@sshookman],,*,,*,Electric Shot,Pn.6e618t1,Power,,-11.9962,0
17:10:04:22:36:01.5::Harkken,P[511693318@23789296 Harkken@sshookman],,*,Target Dummy,C[278516 Entity_Targetdummy],Electric Shot,Pn.2zr0it1,Physical,,757.741,0
17:10:04:22:36:01.6::Harkken,P[511693318@23789296 Harkken@sshookman],,*,,*,Electric Shot,Pn.2zr0it1,Power,,-17.1374,0
17:10:04:22:36:02.8::Harkken,P[511693318@23789296 Harkken@sshookman],,*,,*,Electric Shot,Pn.Atk1ys1,Power,,-11.9962,0
17:10:04:22:36:02.8::Harkken,P[511693318@23789296 Harkken@sshookman],,*,Target Dummy,C[278516 Entity_Targetdummy],Electric Shot,Pn.Atk1ys1,Physical,,561.807,0
17:10:04:22:36:03.6::Harkken,P[511693318@23789296 Harkken@sshookman],,*,Target Dummy,C[278516 Entity_Targetdummy],Electric Shot,Pn.6e618t1,Physical,,572.255,0
17:10:04:22:36:03.7::Harkken,P[511693318@23789296 Harkken@sshookman],,*,,*,Electric Shot,Pn.6e618t1,Power,,-11.9962,0
17:10:04:22:36:04.4::Harkken,P[511693318@23789296 Harkken@sshookman],,*,Target Dummy,C[278516 Entity_Targetdummy],Electric Shot,Pn.2zr0it1,Physical,Critical,1509.6,0
17:10:04:22:36:04.4::Harkken,P[511693318@23789296 Harkken@sshookman],,*,Target Dummy,C[278516 Entity_Targetdummy],Longshot,Pn.6hn0so1,Physical,,207.193,0
17:10:04:22:36:04.6::Harkken,P[511693318@23789296 Harkken@sshookman],,*,,*,Electric Shot,Pn.2zr0it1,Power,,-17.1374,0
17:10:04:22:36:05.6::Harkken,P[511693318@23789296 Harkken@sshookman],,*,Target Dummy,C[278516 Entity_Targetdummy],Electric Shot,Pn.Atk1ys1,Physical,Critical,902.831,0
17:10:04:22:36:05.6::Harkken,P[511693318@23789296 Harkken@sshookman],,*,Target Dummy,C[278516 Entity_Targetdummy],Longshot,Pn.6hn0so1,Physical,,222.862,0
17:10:04:22:36:05.7::Harkken,P[511693318@23789296 Harkken@sshookman],,*,,*,Electric Shot,Pn.Atk1ys1,Power,,-11.9962,0
17:10:04:22:36:06.4::Harkken,P[511693318@23789296 Harkken@sshookman],,*,Target Dummy,C[278516 Entity_Targetdummy],Electric Shot,Pn.6e618t1,Physical,,513.583,0
17:10:04:22:36:06.6::Harkken,P[511693318@23789296 Harkken@sshookman],,*,,*,Electric Shot,Pn.6e618t1,Power,,-11.9962,0
17:10:04:22:36:07.4::Harkken,P[511693318@23789296 Harkken@sshookman],,*,Target Dummy,C[278516 Entity_Targetdummy],Electric Shot,Pn.2zr0it1,Physical,,779.313,0
17:10:04:22:36:07.7::Harkken,P[511693318@23789296 Harkken@sshookman],,*,,*,Electric Shot,Pn.2zr0it1,Power,,-17.1374,0
17:10:04:22:36:08.6::Harkken,P[511693318@23789296 Harkken@sshookman],,*,Target Dummy,C[278516 Entity_Targetdummy],Electric Shot,Pn.Atk1ys1,Physical,,546.799,0
17:10:04:22:36:08.8::Harkken,P[511693318@23789296 Harkken@sshookman],,*,,*,Electric Shot,Pn.Atk1ys1,Power,,-11.9962,0
17:10:04:22:36:09.6::Harkken,P[511693318@23789296 Harkken@sshookman],,*,Target Dummy,C[278516 Entity_Targetdummy],Electric Shot,Pn.6e618t1,Physical,,563.596,0
17:10:04:22:36:09.8::Harkken,P[511693318@23789296 Harkken@sshookman],,*,,*,Electric Shot,Pn.6e618t1,Power,,-11.9962,0
17:10:04:22:36:10.6::Harkken,P[511693318@23789296 Harkken@sshookman],,*,Target Dummy,C[278516 Entity_Targetdummy],Electric Shot,Pn.2zr0it1,Physical,,860.432,0
17:10:04:22:36:10.8::Harkken,P[511693318@23789296 Harkken@sshookman],,*,,*,Electric Shot,Pn.2zr0it1,Power,,-17.1374,0
17:10:04:22:36:11.8::Harkken,P[511693318@23789296 Harkken@sshookman],,*,Target Dummy,C[278516 Entity_Targetdummy],Electric Shot,Pn.Atk1ys1,Physical,,564.863,0
17:10:04:22:36:12.0::Harkken,P[511693318@23789296 Harkken@sshookman],,*,,*,Electric Shot,Pn.Atk1ys1,Power,,-11.9962,0
17:10:04:22:36:12.7::Harkken,P[511693318@23789296 Harkken@sshookman],,*,Target Dummy,C[278516 Entity_Targetdummy],Electric Shot,Pn.6e618t1,Physical,,581.649,0
17:10:04:22:36:12.8::Harkken,P[511693318@23789296 Harkken@sshookman],,*,,*,Electric Shot,Pn.6e618t1,Power,,-11.9962,0
17:10:04:22:36:13.7::Harkken,P[511693318@23789296 Harkken@sshookman],,*,Target Dummy,C[278516 Entity_Targetdummy],Electric Shot,Pn.2zr0it1,Physical,Critical,1416.83,0
17:10:04:22:36:13.7::Harkken,P[511693318@23789296 Harkken@sshookman],,*,Target Dummy,C[278516 Entity_Targetdummy],Longshot,Pn.6hn0so1,Physical,,201.685,0
17:10:04:22:36:13.9::Harkken,P[511693318@23789296 Harkken@sshookman],,*,,*,Electric Shot,Pn.2zr0it1,Power,,-17.1374,0
17:10:04:22:36:15.1::Harkken,P[511693318@23789296 Harkken@sshookman],,*,,*,Electric Shot,Pn.Atk1ys1,Power,,-11.9962,0
17:10:04:22:36:15.1::Harkken,P[511693318@23789296 Harkken@sshookman],,*,Target Dummy,C[278516 Entity_Targetdummy],Electric Shot,Pn.Atk1ys1,Physical,,531.394,0
17:10:04:22:36:16.0::Harkken,P[511693318@23789296 Harkken@sshookman],,*,Target Dummy,C[278516 Entity_Targetdummy],Electric Shot,Pn.6e618t1,Physical,,513.388,0
17:10:04:22:36:16.1::Harkken,P[511693318@23789296 Harkken@sshookman],,*,,*,Electric Shot,Pn.6e618t1,Power,,-11.9962,0
17:10:04:22:36:16.9::Harkken,P[511693318@23789296 Harkken@sshookman],,*,Target Dummy,C[278516 Entity_Targetdummy],Electric Shot,Pn.2zr0it1,Physical,,830.264,0
17:10:04:22:36:17.1::Harkken,P[511693318@23789296 Harkken@sshookman],,*,,*,Electric Shot,Pn.2zr0it1,Power,,-17.1374,0
17:10:04:22:36:18.3::Harkken,P[511693318@23789296 Harkken@sshookman],,*,,*,Electric Shot,Pn.Atk1ys1,Power,,-11.9962,0
17:10:04:22:36:18.3::Harkken,P[511693318@23789296 Harkken@sshookman],,*,Target Dummy,C[278516 Entity_Targetdummy],Electric Shot,Pn.Atk1ys1,Physical,,506.497,0
17:10:04:22:36:18.9::Harkken,P[511693318@23789296 Harkken@sshookman],,*,Target Dummy,C[278516 Entity_Targetdummy],Longshot,Pn.6hn0so1,Physical,,222.892,0
17:10:04:22:36:18.9::Harkken,P[511693318@23789296 Harkken@sshookman],,*,Target Dummy,C[278516 Entity_Targetdummy],Electric Shot,Pn.6e618t1,Physical,Critical,1030.03,0
17:10:04:22:36:19.1::Harkken,P[511693318@23789296 Harkken@sshookman],,*,,*,Electric Shot,Pn.6e618t1,Power,,-11.9962,0
17:10:04:22:36:20.1::Harkken,P[511693318@23789296 Harkken@sshookman],,*,,*,Electric Shot,Pn.2zr0it1,Power,,-17.1374,0
17:10:04:22:36:20.1::Harkken,P[511693318@23789296 Harkken@sshookman],,*,Target Dummy,C[278516 Entity_Targetdummy],Electric Shot,Pn.2zr0it1,Physical,,878.201,0
17:10:04:22:36:21.2::Harkken,P[511693318@23789296 Harkken@sshookman],,*,,*,Electric Shot,Pn.Atk1ys1,Power,,-11.9962,0
17:10:04:22:36:21.3::Harkken,P[511693318@23789296 Harkken@sshookman],,*,Target Dummy,C[278516 Entity_Targetdummy],Electric Shot,Pn.Atk1ys1,Physical,,579.326,0
17:10:04:22:36:22.0::Harkken,P[511693318@23789296 Harkken@sshookman],,*,Target Dummy,C[278516 Entity_Targetdummy],Electric Shot,Pn.6e618t1,Physical,,569.312,0
17:10:04:22:36:22.1::Harkken,P[511693318@23789296 Harkken@sshookman],,*,,*,Electric Shot,Pn.6e618t1,Power,,-11.9962,0
17:10:04:22:36:22.9::Harkken,P[511693318@23789296 Harkken@sshookman],,*,Target Dummy,C[278516 Entity_Targetdummy],Longshot,Pn.6hn0so1,Physical,,201.816,0
17:10:04:22:36:22.9::Harkken,P[511693318@23789296 Harkken@sshookman],,*,Target Dummy,C[278516 Entity_Targetdummy],Electric Shot,Pn.2zr0it1,Physical,Critical,1480.5,0
17:10:04:22:36:23.0::Harkken,P[511693318@23789296 Harkken@sshookman],,*,,*,Electric Shot,Pn.2zr0it1,Power,,-17.1374,0
17:10:04:22:36:24.2::Harkken,P[511693318@23789296 Harkken@sshookman],,*,,*,Electric Shot,Pn.Atk1ys1,Power,,-11.9962,0
17:10:04:22:36:24.4::Harkken,P[511693318@23789296 Harkken@sshookman],,*,Target Dummy,C[278516 Entity_Targetdummy],Electric Shot,Pn.Atk1ys1,Physical,,573.792,0
17:10:04:22:36:25.1::Harkken,P[511693318@23789296 Harkken@sshookman],,*,,*,Electric Shot,Pn.6e618t1,Power,,-11.9962,0
17:10:04:22:36:25.3::Harkken,P[511693318@23789296 Harkken@sshookman],,*,Target Dummy,C[278516 Entity_Targetdummy],Electric Shot,Pn.6e618t1,Physical,,557.82,0
17:10:04:22:36:26.1::Harkken,P[511693318@23789296 Harkken@sshookman],,*,Target Dummy,C[278516 Entity_Targetdummy],Electric Shot,Pn.2zr0it1,Physical,,871.101,0
17:10:04:22:36:26.2::Harkken,P[511693318@23789296 Harkken@sshookman],,*,,*,Electric Shot,Pn.2zr0it1,Power,,-17.1374,0
17:10:04:22:36:27.2::Harkken,P[511693318@23789296 Harkken@sshookman],,*,,*,Electric Shot,Pn.Atk1ys1,Power,,-11.9962,0
17:10:04:22:36:27.2::Harkken,P[511693318@23789296 Harkken@sshookman],,*,Target Dummy,C[278516 Entity_Targetdummy],Electric Shot,Pn.Atk1ys1,Physical,,508.043,0
17:10:04:22:36:27.8::Harkken,P[511693318@23789296 Harkken@sshookman],,*,Target Dummy,C[278516 Entity_Targetdummy],Electric Shot,Pn.6e618t1,Physical,Critical,916.746,0
17:10:04:22:36:27.8::Harkken,P[511693318@23789296 Harkken@sshookman],,*,Target Dummy,C[278516 Entity_Targetdummy],Longshot,Pn.6hn0so1,Physical,,216.537,0
17:10:04:22:36:27.9::Harkken,P[511693318@23789296 Harkken@sshookman],,*,,*,Electric Shot,Pn.6e618t1,Power,,-11.9962,0
17:10:04:22:36:28.8::Harkken,P[511693318@23789296 Harkken@sshookman],,*,Target Dummy,C[278516 Entity_Targetdummy],Electric Shot,Pn.2zr0it1,Physical,,875.318,0
17:10:04:22:36:28.9::Harkken,P[511693318@23789296 Harkken@sshookman],,*,,*,Electric Shot,Pn.2zr0it1,Power,,-17.1374,0
17:10:04:22:36:30.0::Harkken,P[511693318@23789296 Harkken@sshookman],,*,Target Dummy,C[278516 Entity_Targetdummy],Electric Shot,Pn.Atk1ys1,Physical,,578.966,0
17:10:04:22:36:30.1::Harkken,P[511693318@23789296 Harkken@sshookman],,*,,*,Electric Shot,Pn.Atk1ys1,Power,,-11.9962,0
17:10:04:22:36:30.9::Harkken,P[511693318@23789296 Harkken@sshookman],,*,Target Dummy,C[278516 Entity_Targetdummy],Electric Shot,Pn.6e618t1,Physical,,560.444,0
17:10:04:22:36:31.0::Harkken,P[511693318@23789296 Harkken@sshookman],,*,,*,Electric Shot,Pn.6e618t1,Power,,-11.9962,0
17:10:04:22:36:31.7::Harkken,P[511693318@23789296 Harkken@sshookman],,*,Target Dummy,C[278516 Entity_Targetdummy],Electric Shot,Pn.2zr0it1,Physical,,774.559,0
17:10:04:22:36:31.8::Harkken,P[511693318@23789296 Harkken@sshookman],,*,,*,Electric Shot,Pn.2zr0it1,Power,,-17.1374,0
17:10:04:22:36:33.1::Harkken,P[511693318@23789296 Harkken@sshookman],,*,,*,Electric Shot,Pn.Atk1ys1,Power,,-11.9962,0
17:10:04:22:36:33.1::Harkken,P[511693318@23789296 Harkken@sshookman],,*,Target Dummy,C[278516 Entity_Targetdummy],Electric Shot,Pn.Atk1ys1,Physical,,543.122,0
17:10:04:22:36:33.8::Harkken,P[511693318@23789296 Harkken@sshookman],,*,Target Dummy,C[278516 Entity_Targetdummy],Electric Shot,Pn.6e618t1,Physical,,537.921,0
17:10:04:22:36:33.9::Harkken,P[511693318@23789296 Harkken@sshookman],,*,,*,Electric Shot,Pn.6e618t1,Power,,-11.9962,0
17:10:04:22:36:34.7::Harkken,P[511693318@23789296 Harkken@sshookman],,*,Target Dummy,C[278516 Entity_Targetdummy],Electric Shot,Pn.2zr0it1,Physical,Critical,1380.73,0
17:10:04:22:36:34.7::Harkken,P[511693318@23789296 Harkken@sshookman],,*,Target Dummy,C[278516 Entity_Targetdummy],Longshot,Pn.6hn0so1,Physical,,205.915,0
17:10:04:22:36:35.2::Harkken,P[511693318@23789296 Harkken@sshookman],,*,,*,Electric Shot,Pn.2zr0it1,Power,,-17.1374,0
17:10:04:22:36:35.9::Harkken,P[511693318@23789296 Harkken@sshookman],,*,Target Dummy,C[278516 Entity_Targetdummy],Electric Shot,Pn.Atk1ys1,Physical,,561.094,0
17:10:04:22:36:36.2::Harkken,P[511693318@23789296 Harkken@sshookman],,*,,*,Electric Shot,Pn.Atk1ys1,Power,,-11.9962,0
17:10:04:22:36:37.2::Harkken,P[511693318@23789296 Harkken@sshookman],,*,Target Dummy,C[278516 Entity_Targetdummy],Electric Shot,Pn.6e618t1,Physical,,517.549,0
17:10:04:22:36:37.4::Harkken,P[511693318@23789296 Harkken@sshookman],,*,,*,Electric Shot,Pn.6e618t1,Power,,-11.9962,0
17:10:04:22:36:38.1::Harkken,P[511693318@23789296 Harkken@sshookman],,*,,*,Electric Shot,Pn.2zr0it1,Power,,-17.1374,0
17:10:04:22:36:38.1::Harkken,P[511693318@23789296 Harkken@sshookman],,*,Target Dummy,C[278516 Entity_Targetdummy],Electric Shot,Pn.2zr0it1,Physical,Critical,1409.9,0
17:10:04:22:36:38.1::Harkken,P[511693318@23789296 Harkken@sshookman],,*,Target Dummy,C[278516 Entity_Targetdummy],Longshot,Pn.6hn0so1,Physical,,196.774,0
17:10:04:22:36:38.9::Harkken,P[511693318@23789296 Harkken@sshookman],,*,Target Dummy,C[278516 Entity_Targetdummy],Longshot,Pn.6hn0so1,Physical,,214.282,0
17:10:04:22:36:38.9::Harkken,P[511693318@23789296 Harkken@sshookman],,*,Target Dummy,C[278516 Entity_Targetdummy],Electric Shot,Pn.Atk1ys1,Physical,Critical,992.166,0
17:10:04:22:36:39.2::Harkken,P[511693318@23789296 Harkken@sshookman],,*,,*,Electric Shot,Pn.Atk1ys1,Power,,-11.9962,0
17:10:04:22:36:39.8::Harkken,P[511693318@23789296 Harkken@sshookman],,*,Target Dummy,C[278516 Entity_Targetdummy],Electric Shot,Pn.2zr0it1,Physical,,823.391,0
17:10:04:22:36:39.9::Harkken,P[511693318@23789296 Harkken@sshookman],,*,,*,Electric Shot,Pn.2zr0it1,Power,,-17.1374,0
17:10:04:22:36:41.0::Harkken,P[511693318@23789296 Harkken@sshookman],,*,Target Dummy,C[278516 Entity_Targetdummy],Longshot,Pn.6hn0so1,Physical,,226.152,0
17:10:04:22:36:41.0::Harkken,P[511693318@23789296 Harkken@sshookman],,*,Target Dummy,C[278516 Entity_Targetdummy],Electric Shot,Pn.Atk1ys1,Physical,Critical,953.101,0
17:10:04:22:36:41.1::Harkken,P[511693318@23789296 Harkken@sshookman],,*,,*,Electric Shot,Pn.Atk1ys1,Power,,-11.9962,0
17:10:04:22:36:41.9::Harkken,P[511693318@23789296 Harkken@sshookman],,*,Target Dummy,C[278516 Entity_Targetdummy],Electric Shot,Pn.6e618t1,Physical,,563.074,0
17:10:04:22:36:42.0::Harkken,P[511693318@23789296 Harkken@sshookman],,*,,*,Electric Shot,Pn.6e618t1,Power,,-11.9962,0
17:10:04:22:36:42.8::Harkken,P[511693318@23789296 Harkken@sshookman],,*,Target Dummy,C[278516 Entity_Targetdummy],Electric Shot,Pn.2zr0it1,Physical,,808.227,0
17:10:04:22:36:42.9::Harkken,P[511693318@23789296 Harkken@sshookman],,*,,*,Electric Shot,Pn.2zr0it1,Power,,-17.1374,0
17:10:04:22:36:44.1::Harkken,P[511693318@23789296 Harkken@sshookman],,*,,*,Electric Shot,Pn.Atk1ys1,Power,,-11.9962,0
17:10:04:22:36:44.1::Harkken,P[511693318@23789296 Harkken@sshookman],,*,Target Dummy,C[278516 Entity_Targetdummy],Electric Shot,Pn.Atk1ys1,Physical,,566.121,0
17:10:04:22:36:44.9::Harkken,P[511693318@23789296 Harkken@sshookman],,*,,*,Electric Shot,Pn.6e618t1,Power,,-11.9962,0
17:10:04:22:36:44.9::Harkken,P[511693318@23789296 Harkken@sshookman],,*,Target Dummy,C[278516 Entity_Targetdummy],Electric Shot,Pn.6e618t1,Physical,,587.141,0
17:10:04:22:36:45.7::Harkken,P[511693318@23789296 Harkken@sshookman],,*,Target Dummy,C[278516 Entity_Targetdummy],Electric Shot,Pn.2zr0it1,Physical,,755.375,0
17:10:04:22:36:45.8::Harkken,P[511693318@23789296 Harkken@sshookman],,*,,*,Electric Shot,Pn.2zr0it1,Power,,-17.1374,0
17:10:04:22:36:47.0::Harkken,P[511693318@23789296 Harkken@sshookman],,*,,*,Electric Shot,Pn.Atk1ys1,Power,,-11.9962,0
17:10:04:22:36:47.0::Harkken,P[511693318@23789296 Harkken@sshookman],,*,Target Dummy,C[278516 Entity_Targetdummy],Electric Shot,Pn.Atk1ys1,Physical,,525.709,0
17:10:04:22:36:47.7::Harkken,P[511693318@23789296 Harkken@sshookman],,*,Target Dummy,C[278516 Entity_Targetdummy],Electric Shot,Pn.6e618t1,Physical,,533.798,0
17:10:04:22:36:47.9::Harkken,P[511693318@23789296 Harkken@sshookman],,*,,*,Electric Shot,Pn.6e618t1,Power,,-11.9962,0
17:10:04:22:36:48.6::Harkken,P[511693318@23789296 Harkken@sshookman],,*,Target Dummy,C[278516 Entity_Targetdummy],Electric Shot,Pn.2zr0it1,Physical,Critical,1510.43,0
17:10:04:22:36:48.6::Harkken,P[511693318@23789296 Harkken@sshookman],,*,Target Dummy,C[278516 Entity_Targetdummy],Longshot,Pn.6hn0so1,Physical,,205.84,0
17:10:04:22:36:48.8::Harkken,P[511693318@23789296 Harkken@sshookman],,*,,*,Electric Shot,Pn.2zr0it1,Power,,-17.1374,0
17:10:04:22:36:49.9::Harkken,P[511693318@23789296 Harkken@sshookman],,*,Target Dummy,C[278516 Entity_Targetdummy],Electric Shot,Pn.Atk1ys1,Physical,,514.616,0
17:10:04:22:36:50.1::Harkken,P[511693318@23789296 Harkken@sshookman],,*,,*,Electric Shot,Pn.Atk1ys1,Power,,-11.9962,0
17:10:04:22:36:50.9::Harkken,P[511693318@23789296 Harkken@sshookman],,*,,*,Electric Shot,Pn.6e618t1,Power,,-11.9962,0
17:10:04:22:36:50.9::Harkken,P[511693318@23789296 Harkken@sshookman],,*,Target Dummy,C[278516 Entity_Targetdummy],Electric Shot,Pn.6e618t1,Physical,Critical,984.126,0
17:10:04:22:36:50.9::Harkken,P[511693318@23789296 Harkken@sshookman],,*,Target Dummy,C[278516 Entity_Targetdummy],Longshot,Pn.6hn0so1,Physical,,215.436,0
17:10:04:22:36:51.7::Harkken,P[511693318@23789296 Harkken@sshookman],,*,Target Dummy,C[278516 Entity_Targetdummy],Electric Shot,Pn.2zr0it1,Physical,,783.521,0
17:10:04:22:36:52.2::Harkken,P[511693318@23789296 Harkken@sshookman],,*,,*,Electric Shot,Pn.2zr0it1,Power,,-17.1374,0
17:10:04:22:36:53.1::Harkken,P[511693318@23789296 Harkken@sshookman],,*,,*,Electric Shot,Pn.Atk1ys1,Power,,-11.9962,0
17:10:04:22:36:53.1::Harkken,P[511693318@23789296 Harkken@sshookman],,*,Target Dummy,C[278516 Entity_Targetdummy],Electric Shot,Pn.Atk1ys1,Physical,,546.113,0
17:10:04:22:36:54.2::Harkken,P[511693318@23789296 Harkken@sshookman],,*,Target Dummy,C[278516 Entity_Targetdummy],Electric Shot,Pn.6e618t1,Physical,,574.21,0
17:10:04:22:36:54.3::Harkken,P[511693318@23789296 Harkken@sshookman],,*,,*,Electric Shot,Pn.6e618t1,Power,,-11.9962,0
17:10:04:22:36:54.9::Harkken,P[511693318@23789296 Harkken@sshookman],,*,Target Dummy,C[278516 Entity_Targetdummy],Electric Shot,Pn.2zr0it1,Physical,,758.139,0
17:10:04:22:36:55.0::Harkken,P[511693318@23789296 Harkken@sshookman],,*,,*,Electric Shot,Pn.2zr0it1,Power,,-17.1374,0
17:10:04:22:36:56.1::Harkken,P[511693318@23789296 Harkken@sshookman],,*,,*,Electric Shot,Pn.Atk1ys1,Power,,-11.9962,0
17:10:04:22:36:56.2::Harkken,P[511693318@23789296 Harkken@sshookman],,*,Target Dummy,C[278516 Entity_Targetdummy],Electric Shot,Pn.Atk1ys1,Physical,,566.765,0
17:10:04:22:36:56.9::Harkken,P[511693318@23789296 Harkken@sshookman],,*,Target Dummy,C[278516 Entity_Targetdummy],Longshot,Pn.6hn0so1,Physical,,205.811,0
17:10:04:22:36:56.9::Harkken,P[511693318@23789296 Harkken@sshookman],,*,Target Dummy,C[278516 Entity_Targetdummy],Electric Shot,Pn.2zr0it1,Physical,Critical,1367.44,0
17:10:04:22:36:57.0::Harkken,P[511693318@23789296 Harkken@sshookman],,*,,*,Electric Shot,Pn.2zr0it1,Power,,-17.1374,0
17:10:04:22:36:58.2::Harkken,P[511693318@23789296 Harkken@sshookman],,*,,*,Electric Shot,Pn.Atk1ys1,Power,,-11.9962,0
17:10:04:22:36:58.3::Harkken,P[511693318@23789296 Harkken@sshookman],,*,Target Dummy,C[278516 Entity_Targetdummy],Electric Shot,Pn.Atk1ys1,Physical,,587.853,0
17:10:04:22:36:59.0::Harkken,P[511693318@23789296 Harkken@sshookman],,*,Target Dummy,C[278516 Entity_Targetdummy],Electric Shot,Pn.6e618t1,Physical,,555.506,0
17:10:04:22:36:59.1::Harkken,P[511693318@23789296 Harkken@sshookman],,*,,*,Electric Shot,Pn.6e618t1,Power,,-11.9962,0
17:10:04:22:36:59.8::Harkken,P[511693318@23789296 Harkken@sshookman],,*,Target Dummy,C[278516 Entity_Targetdummy],Electric Shot,Pn.2zr0it1,Physical,,830.353,0
17:10:04:22:36:59.9::Harkken,P[511693318@23789296 Harkken@sshookman],,*,,*,Electric Shot,Pn.2zr0it1,Power,,-17.1374,0
17:10:04:22:37:01.0::Harkken,P[511693318@23789296 Harkken@sshookman],,*,Target Dummy,C[278516 Entity_Targetdummy],Electric Shot,Pn.Atk1ys1,Physical,,554.821,0
17:10:04:22:37:01.1::Harkken,P[511693318@23789296 Harkken@sshookman],,*,,*,Electric Shot,Pn.Atk1ys1,Power,,-11.9962,0
17:10:04:22:37:01.8::Harkken,P[511693318@23789296 Harkken@sshookman],,*,Target Dummy,C[278516 Entity_Targetdummy],Electric Shot,Pn.6e618t1,Physical,,514.362,0
17:10:04:22:37:01.9::Harkken,P[511693318@23789296 Harkken@sshookman],,*,,*,Electric Shot,Pn.6e618t1,Power,,-11.9962,0
17:10:04:22:37:02.6::Harkken,P[511693318@23789296 Harkken@sshookman],,*,Target Dummy,C[278516 Entity_Targetdummy],Electric Shot,Pn.2zr0it1,Physical,,846.75,0
17:10:04:22:37:02.8::Harkken,P[511693318@23789296 Harkken@sshookman],,*,,*,Electric Shot,Pn.2zr0it1,Power,,-17.1374,0
17:10:04:22:37:03.9::Harkken,P[511693318@23789296 Harkken@sshookman],,*,,*,Electric Shot,Pn.Atk1ys1,Power,,-11.9962,0
17:10:04:22:37:03.9::Harkken,P[511693318@23789296 Harkken@sshookman],,*,Target Dummy,C[278516 Entity_Targetdummy],Electric Shot,Pn.Atk1ys1,Physical,,523.755,0
17:10:04:22:37:04.7::Harkken,P[511693318@23789296 Harkken@sshookman],,*,Target Dummy,C[278516 Entity_Targetdummy],Electric Shot,Pn.6e618t1,Physical,,514.329,0
17:10:04:22:37:04.8::Harkken,P[511693318@23789296 Harkken@sshookman],,*,,*,Electric Shot,Pn.6e618t1,Power,,-11.9962,0
17:10:04:22:37:05.8::Harkken,P[511693318@23789296 Harkken@sshookman],,*,Target Dummy,C[278516 Entity_Targetdummy],Electric Shot,Pn.2zr0it1,Physical,,861.084,0
17:10:04:22:37:06.0::Harkken,P[511693318@23789296 Harkken@sshookman],,*,,*,Electric Shot,Pn.2zr0it1,Power,,-17.1374,0
17:10:04:22:37:07.3::Harkken,P[511693318@23789296 Harkken@sshookman],,*,,*,Electric Shot,Pn.Atk1ys1,Power,,-11.9962,0
17:10:04:22:37:07.3::Harkken,P[511693318@23789296 Harkken@sshookman],,*,Target Dummy,C[278516 Entity_Targetdummy],Electric Shot,Pn.Atk1ys1,Physical,,582.756,0
17:10:04:22:37:08.1::Harkken,P[511693318@23789296 Harkken@sshookman],,*,,*,Electric Shot,Pn.6e618t1,Power,,-11.9962,0
17:10:04:22:37:08.1::Harkken,P[511693318@23789296 Harkken@sshookman],,*,Target Dummy,C[278516 Entity_Targetdummy],Longshot,Pn.6hn0so1,Physical,,207.21,0
17:10:04:22:37:08.1::Harkken,P[511693318@23789296 Harkken@sshookman],,*,Target Dummy,C[278516 Entity_Targetdummy],Electric Shot,Pn.6e618t1,Physical,Critical,974.111,0
17:10:04:22:37:08.9::Harkken,P[511693318@23789296 Harkken@sshookman],,*,Target Dummy,C[278516 Entity_Targetdummy],Electric Shot,Pn.2zr0it1,Physical,,853.731,0
17:10:04:22:37:09.1::Harkken,P[511693318@23789296 Harkken@sshookman],,*,,*,Electric Shot,Pn.2zr0it1,Power,,-17.1374,0
17:10:04:22:37:10.5::Harkken,P[511693318@23789296 Harkken@sshookman],,*,,*,Electric Shot,Pn.Atk1ys1,Power,,-11.9962,0
17:10:04:22:37:10.5::Harkken,P[511693318@23789296 Harkken@sshookman],,*,Target Dummy,C[278516 Entity_Targetdummy],Electric Shot,Pn.Atk1ys1,Physical,,547.318,0
17:10:04:22:37:11.2::Harkken,P[511693318@23789296 Harkken@sshookman],,*,Target Dummy,C[278516 Entity_Targetdummy],Electric Shot,Pn.2zr0it1,Physical,,882.006,0
17:10:04:22:37:11.3::Harkken,P[511693318@23789296 Harkken@sshookman],,*,,*,Electric Shot,Pn.2zr0it1,Power,,-17.1374,0
17:10:04:22:37:12.5::Harkken,P[511693318@23789296 Harkken@sshookman],,*,,*,Electric Shot,Pn.Atk1ys1,Power,,-11.9962,0
17:10:04:22:37:12.5::Harkken,P[511693318@23789296 Harkken@sshookman],,*,Target Dummy,C[278516 Entity_Targetdummy],Electric Shot,Pn.Atk1ys1,Physical,,508.362,0
17:10:04:22:37:13.7::Harkken,P[511693318@23789296 Harkken@sshookman],,*,,*,Electric Shot,Pn.6e618t1,Power,,-11.9962,0
17:10:04:22:37:13.7::Harkken,P[511693318@23789296 Harkken@sshookman],,*,Target Dummy,C[278516 Entity_Targetdummy],Electric Shot,Pn.6e618t1,Physical,,524.819,0
17:10:04:22:37:14.6::Harkken,P[511693318@23789296 Harkken@sshookman],,*,,*,Electric Shot,Pn.2zr0it1,Power,,-17.1374,0
17:10:04:22:37:14.6::Harkken,P[511693318@23789296 Harkken@sshookman],,*,Target Dummy,C[278516 Entity_Targetdummy],Electric Shot,Pn.2zr0it1,Physical,,804.647,0
17:10:04:22:37:15.4::Harkken,P[511693318@23789296 Harkken@sshookman],,*,Target Dummy,C[278516 Entity_Targetdummy],Electric Shot,Pn.Atk1ys1,Physical,,546.729,0
17:10:04:22:37:15.5::Harkken,P[511693318@23789296 Harkken@sshookman],,*,,*,Electric Shot,Pn.Atk1ys1,Power,,-11.9962,0
17:10:04:22:37:16.3::Harkken,P[511693318@23789296 Harkken@sshookman],,*,,*,Electric Shot,Pn.6e618t1,Power,,-11.9962,0
17:10:04:22:37:16.3::Harkken,P[511693318@23789296 Harkken@sshookman],,*,Target Dummy,C[278516 Entity_Targetdummy],Electric Shot,Pn.6e618t1,Physical,,526.181,0
17:10:04:22:37:17.2::Harkken,P[511693318@23789296 Harkken@sshookman],,*,,*,Electric Shot,Pn.2zr0it1,Power,,-17.1374,0
17:10:04:22:37:17.2::Harkken,P[511693318@23789296 Harkken@sshookman],,*,Target Dummy,C[278516 Entity_Targetdummy],Electric Shot,Pn.2zr0it1,Physical,,860.944,0
17:10:04:22:37:18.4::Harkken,P[511693318@23789296 Harkken@sshookman],,*,,*,Electric Shot,Pn.Atk1ys1,Power,,-11.9962,0
17:10:04:22:37:18.4::Harkken,P[511693318@23789296 Harkken@sshookman],,*,Target Dummy,C[278516 Entity_Targetdummy],Electric Shot,Pn.Atk1ys1,Physical,,506.96,0
17:10:04:22:37:19.3::Harkken,P[511693318@23789296 Harkken@sshookman],,*,,*,Electric Shot,Pn.6e618t1,Power,,-11.9962,0
17:10:04:22:37:19.3::Harkken,P[511693318@23789296 Harkken@sshookman],,*,Target Dummy,C[278516 Entity_Targetdummy],Electric Shot,Pn.6e618t1,Physical,,507.372,0
17:10:04:22:37:20.2::Harkken,P[511693318@23789296 Harkken@sshookman],,*,Target Dummy,C[278516 Entity_Targetdummy],Electric Shot,Pn.2zr0it1,Physical,,839.893,0
17:10:04:22:37:20.3::Harkken,P[511693318@23789296 Harkken@sshookman],,*,,*,Electric Shot,Pn.2zr0it1,Power,,-17.1374,0
17:10:04:22:37:21.5::Harkken,P[511693318@23789296 Harkken@sshookman],,*,,*,Electric Shot,Pn.Atk1ys1,Power,,-11.9962,0
17:10:04:22:37:21.5::Harkken,P[511693318@23789296 Harkken@sshookman],,*,Target Dummy,C[278516 Entity_Targetdummy],Electric Shot,Pn.Atk1ys1,Physical,,568.5,0
17:10:04:22:37:22.3::Harkken,P[511693318@23789296 Harkken@sshookman],,*,Target Dummy,C[278516 Entity_Targetdummy],Electric Shot,Pn.6e618t1,Physical,,584.055,0
17:10:04:22:37:22.4::Harkken,P[511693318@23789296 Harkken@sshookman],,*,,*,Electric Shot,Pn.6e618t1,Power,,-11.9962,0
17:10:04:22:37:23.7::Harkken,P[511693318@23789296 Harkken@sshookman],,*,,*,Electric Shot,Pn.2zr0it1,Power,,-17.1374,0
17:10:04:22:37:23.7::Harkken,P[511693318@23789296 Harkken@sshookman],,*,Target Dummy,C[278516 Entity_Targetdummy],Electric Shot,Pn.2zr0it1,Physical,,873.275,0
17:10:04:22:37:24.6::Harkken,P[511693318@23789296 Harkken@sshookman],,*,Target Dummy,C[278516 Entity_Targetdummy],Electric Shot,Pn.Atk1ys1,Physical,,572.527,0
17:10:04:22:37:24.7::Harkken,P[511693318@23789296 Harkken@sshookman],,*,,*,Electric Shot,Pn.Atk1ys1,Power,,-11.9962,0
17:10:04:22:37:25.5::Harkken,P[511693318@23789296 Harkken@sshookman],,*,,*,Electric Shot,Pn.2zr0it1,Power,,-17.1374,0
17:10:04:22:37:25.5::Harkken,P[511693318@23789296 Harkken@sshookman],,*,Target Dummy,C[278516 Entity_Targetdummy],Electric Shot,Pn.2zr0it1,Physical,,850.147,0
17:10:04:22:37:26.8::Harkken,P[511693318@23789296 Harkken@sshookman],,*,,*,Electric Shot,Pn.Atk1ys1,Power,,-11.9962,0
17:10:04:22:37:26.8::Harkken,P[511693318@23789296 Harkken@sshookman],,*,Target Dummy,C[278516 Entity_Targetdummy],Electric Shot,Pn.Atk1ys1,Physical,,564.157,0
17:10:04:22:37:27.6::Harkken,P[511693318@23789296 Harkken@sshookman],,*,,*,Electric Shot,Pn.6e618t1,Power,,-11.9962,0
17:10:04:22:37:27.6::Harkken,P[511693318@23789296 Harkken@sshookman],,*,Target Dummy,C[278516 Entity_Targetdummy],Electric Shot,Pn.6e618t1,Physical,,560.216,0
17:10:04:22:37:28.7::Harkken,P[511693318@23789296 Harkken@sshookman],,*,,*,Electric Shot,Pn.2zr0it1,Power,,-17.1374,0
17:10:04:22:37:28.7::Harkken,P[511693318@23789296 Harkken@sshookman],,*,Target Dummy,C[278516 Entity_Targetdummy],Electric Shot,Pn.2zr0it1,Physical,,763.83,0
17:10:04:22:37:29.8::Harkken,P[511693318@23789296 Harkken@sshookman],,*,,*,Electric Shot,Pn.Atk1ys1,Power,,-11.9962,0
17:10:04:22:37:29.8::Harkken,P[511693318@23789296 Harkken@sshookman],,*,Target Dummy,C[278516 Entity_Targetdummy],Electric Shot,Pn.Atk1ys1,Physical,Critical,960.724,0
17:10:04:22:37:29.8::Harkken,P[511693318@23789296 Harkken@sshookman],,*,Target Dummy,C[278516 Entity_Targetdummy],Longshot,Pn.6hn0so1,Physical,,195.911,0
17:10:04:22:37:30.4::Harkken,P[511693318@23789296 Harkken@sshookman],,*,Target Dummy,C[278516 Entity_Targetdummy],Electric Shot,Pn.6e618t1,Physical,,508.956,0
17:10:04:22:37:30.6::Harkken,P[511693318@23789296 Harkken@sshookman],,*,,*,Electric Shot,Pn.6e618t1,Power,,-11.9962,0
17:10:04:22:37:31.4::Harkken,P[511693318@23789296 Harkken@sshookman],,*,,*,Electric Shot,Pn.2zr0it1,Power,,-17.1374,0
17:10:04:22:37:31.4::Harkken,P[511693318@23789296 Harkken@sshookman],,*,Target Dummy,C[278516 Entity_Targetdummy],Electric Shot,Pn.2zr0it1,Physical,Critical,1381.86,0
17:10:04:22:37:31.4::Harkken,P[511693318@23789296 Harkken@sshookman],,*,Target Dummy,C[278516 Entity_Targetdummy],Longshot,Pn.6hn0so1,Physical,,203.61,0
17:10:04:22:37:32.6::Harkken,P[511693318@23789296 Harkken@sshookman],,*,Target Dummy,C[278516 Entity_Targetdummy],Electric Shot,Pn.Atk1ys1,Physical,,575.61,0
17:10:04:22:37:32.7::Harkken,P[511693318@23789296 Harkken@sshookman],,*,,*,Electric Shot,Pn.Atk1ys1,Power,,-11.9962,0
17:10:04:22:37:33.4::Harkken,P[511693318@23789296 Harkken@sshookman],,*,Target Dummy,C[278516 Entity_Targetdummy],Electric Shot,Pn.6e618t1,Physical,,548.872,0
17:10:04:22:37:33.6::Harkken,P[511693318@23789296 Harkken@sshookman],,*,,*,Electric Shot,Pn.6e618t1,Power,,-11.9962,0
17:10:04:22:37:34.3::Harkken,P[511693318@23789296 Harkken@sshookman],,*,Target Dummy,C[278516 Entity_Targetdummy],Electric Shot,Pn.2zr0it1,Physical,,794.342,0
17:10:04:22:37:34.4::Harkken,P[511693318@23789296 Harkken@sshookman],,*,,*,Electric Shot,Pn.2zr0it1,Power,,-17.1374,0
17:10:04:22:37:35.5::Harkken,P[511693318@23789296 Harkken@sshookman],,*,Target Dummy,C[278516 Entity_Targetdummy],Electric Shot,Pn.Atk1ys1,Physical,,560.456,0
17:10:04:22:37:35.8::Harkken,P[511693318@23789296 Harkken@sshookman],,*,,*,Electric Shot,Pn.Atk1ys1,Power,,-11.9962,0
17:10:04:22:37:36.5::Harkken,P[511693318@23789296 Harkken@sshookman],,*,,*,Electric Shot,Pn.6e618t1,Power,,-11.9962,0
17:10:04:22:37:36.5::Harkken,P[511693318@23789296 Harkken@sshookman],,*,Target Dummy,C[278516 Entity_Targetdummy],Electric Shot,Pn.6e618t1,Physical,,529.275,0
17:10:04:22:37:37.2::Harkken,P[511693318@23789296 Harkken@sshookman],,*,Target Dummy,C[278516 Entity_Targetdummy],Electric Shot,Pn.2zr0it1,Physical,,806.864,0
17:10:04:22:37:37.7::Harkken,P[511693318@23789296 Harkken@sshookman],,*,,*,Electric Shot,Pn.2zr0it1,Power,,-17.1374,0
17:10:04:22:37:38.6::Harkken,P[511693318@23789296 Harkken@sshookman],,*,Target Dummy,C[278516 Entity_Targetdummy],Electric Shot,Pn.Atk1ys1,Physical,Critical,993.743,0
17:10:04:22:37:38.6::Harkken,P[511693318@23789296 Harkken@sshookman],,*,Target Dummy,C[278516 Entity_Targetdummy],Longshot,Pn.6hn0so1,Physical,,199.488,0
17:10:04:22:37:38.7::Harkken,P[511693318@23789296 Harkken@sshookman],,*,,*,Electric Shot,Pn.Atk1ys1,Power,,-11.9962,0
17:10:04:22:37:39.4::Harkken,P[511693318@23789296 Harkken@sshookman],,*,Target Dummy,C[278516 Entity_Targetdummy],Electric Shot,Pn.6e618t1,Physical,,581.311,0
17:10:04:22:37:39.7::Harkken,P[511693318@23789296 Harkken@sshookman],,*,,*,Electric Shot,Pn.6e618t1,Power,,-11.9962,0
17:10:04:22:37:40.3::Harkken,P[511693318@23789296 Harkken@sshookman],,*,Target Dummy,C[278516 Entity_Targetdummy],Electric Shot,Pn.2zr0it1,Physical,,820.144,0
17:10:04:22:37:41.1::Harkken,P[511693318@23789296 Harkken@sshookman],,*,,*,Electric Shot,Pn.2zr0it1,Power,,-17.1374,0
17:10:04:22:37:41.8::Harkken,P[511693318@23789296 Harkken@sshookman],,*,Target Dummy,C[278516 Entity_Targetdummy],Electric Shot,Pn.Atk1ys1,Physical,,518.69,0
17:10:04:22:37:42.1::Harkken,P[511693318@23789296 Harkken@sshookman],,*,,*,Electric Shot,Pn.Atk1ys1,Power,,-11.9962,0
17:10:04:22:37:42.6::Harkken,P[511693318@23789296 Harkken@sshookman],,*,Target Dummy,C[278516 Entity_Targetdummy],Electric Shot,Pn.2zr0it1,Physical,,830.782,0
17:10:04:22:37:42.8::Harkken,P[511693318@23789296 Harkken@sshookman],,*,,*,Electric Shot,Pn.2zr0it1,Power,,-17.1374,0
17:10:04:22:37:44.1::Harkken,P[511693318@23789296 Harkken@sshookman],,*,Target Dummy,C[278516 Entity_Targetdummy],Electric Shot,Pn.Atk1ys1,Physical,,561.324,0
17:10:04:22:37:44.3::Harkken,P[511693318@23789296 Harkken@sshookman],,*,,*,Electric Shot,Pn.Atk1ys1,Power,,-11.9962,0
17:10:04:22:37:44.8::Harkken,P[511693318@23789296 Harkken@sshookman],,*,Target Dummy,C[278516 Entity_Targetdummy],Electric Shot,Pn.6e618t1,Physical,,559.153,0
17:10:04:22:37:44.9::Harkken,P[511693318@23789296 Harkken@sshookman],,*,,*,Electric Shot,Pn.6e618t1,Power,,-11.9962,0
17:10:04:22:37:45.7::Harkken,P[511693318@23789296 Harkken@sshookman],,*,Target Dummy,C[278516 Entity_Targetdummy],Electric Shot,Pn.2zr0it1,Physical,,872.408,0
17:10:04:22:37:45.8::Harkken,P[511693318@23789296 Harkken@sshookman],,*,,*,Electric Shot,Pn.2zr0it1,Power,,-17.1374,0
17:10:04:22:37:46.9::Harkken,P[511693318@23789296 Harkken@sshookman],,*,,*,Electric Shot,Pn.Atk1ys1,Power,,-11.9962,0
17:10:04:22:37:46.9::Harkken,P[511693318@23789296 Harkken@sshookman],,*,Target Dummy,C[278516 Entity_Targetdummy],Electric Shot,Pn.Atk1ys1,Physical,,514.63,0
17:10:04:22:37:47.6::Harkken,P[511693318@23789296 Harkken@sshookman],,*,Target Dummy,C[278516 Entity_Targetdummy],Electric Shot,Pn.6e618t1,Physical,Critical,936.097,0
17:10:04:22:37:47.6::Harkken,P[511693318@23789296 Harkken@sshookman],,*,Target Dummy,C[278516 Entity_Targetdummy],Longshot,Pn.6hn0so1,Physical,,219.196,0
17:10:04:22:37:47.7::Harkken,P[511693318@23789296 Harkken@sshookman],,*,,*,Electric Shot,Pn.6e618t1,Power,,-11.9962,0
17:10:04:22:37:48.4::Harkken,P[511693318@23789296 Harkken@sshookman],,*,Target Dummy,C[278516 Entity_Targetdummy],Electric Shot,Pn.2zr0it1,Physical,Critical,1485.13,0
17:10:04:22:37:48.4::Harkken,P[511693318@23789296 Harkken@sshookman],,*,Target Dummy,C[278516 Entity_Targetdummy],Longshot,Pn.6hn0so1,Physical,,198.169,0
17:10:04:22:37:48.6::Harkken,P[511693318@23789296 Harkken@sshookman],,*,,*,Electric Shot,Pn.2zr0it1,Power,,-17.1374,0
17:10:04:22:37:50.3::Harkken,P[511693318@23789296 Harkken@sshookman],,*,,*,Electric Shot,Pn.Atk1ys1,Power,,-11.9962,0
17:10:04:22:37:50.3::Harkken,P[511693318@23789296 Harkken@sshookman],,*,Target Dummy,C[278516 Entity_Targetdummy],Electric Shot,Pn.Atk1ys1,Physical,,521.76,0
17:10:04:22:37:50.8::Harkken,P[511693318@23789296 Harkken@sshookman],,*,Target Dummy,C[278516 Entity_Targetdummy],Electric Shot,Pn.6e618t1,Physical,,516.726,0
17:10:04:22:37:51.0::Harkken,P[511693318@23789296 Harkken@sshookman],,*,,*,Electric Shot,Pn.6e618t1,Power,,-11.9962,0
17:10:04:22:37:51.8::Harkken,P[511693318@23789296 Harkken@sshookman],,*,Target Dummy,C[278516 Entity_Targetdummy],Electric Shot,Pn.2zr0it1,Physical,,806.065,0
17:10:04:22:37:51.9::Harkken,P[511693318@23789296 Harkken@sshookman],,*,,*,Electric Shot,Pn.2zr0it1,Power,,-17.1374,0
17:10:04:22:37:53.1::Harkken,P[511693318@23789296 Harkken@sshookman],,*,,*,Electric Shot,Pn.Atk1ys1,Power,,-11.9962,0
17:10:04:22:37:53.1::Harkken,P[511693318@23789296 Harkken@sshookman],,*,Target Dummy,C[278516 Entity_Targetdummy],Electric Shot,Pn.Atk1ys1,Physical,Critical,1025.94,0
17:10:04:22:37:53.1::Harkken,P[511693318@23789296 Harkken@sshookman],,*,Target Dummy,C[278516 Entity_Targetdummy],Longshot,Pn.6hn0so1,Physical,,200.814,0
17:10:04:22:37:54.0::Harkken,P[511693318@23789296 Harkken@sshookman],,*,Target Dummy,C[278516 Entity_Targetdummy],Electric Shot,Pn.2zr0it1,Physical,Critical,1453.31,0
17:10:04:22:37:54.0::Harkken,P[511693318@23789296 Harkken@sshookman],,*,Target Dummy,C[278516 Entity_Targetdummy],Longshot,Pn.6hn0so1,Physical,,201.865,0
17:10:04:22:37:54.1::Harkken,P[511693318@23789296 Harkken@sshookman],,*,,*,Electric Shot,Pn.2zr0it1,Power,,-17.1374,0
17:10:04:22:37:55.1::Harkken,P[511693318@23789296 Harkken@sshookman],,*,,*,Electric Shot,Pn.Atk1ys1,Power,,-11.9962,0
17:10:04:22:37:55.1::Harkken,P[511693318@23789296 Harkken@sshookman],,*,Target Dummy,C[278516 Entity_Targetdummy],Electric Shot,Pn.Atk1ys1,Physical,,503.968,0
17:10:04:22:37:55.9::Harkken,P[511693318@23789296 Harkken@sshookman],,*,Target Dummy,C[278516 Entity_Targetdummy],Electric Shot,Pn.6e618t1,Physical,,531.02,0
17:10:04:22:37:56.0::Harkken,P[511693318@23789296 Harkken@sshookman],,*,,*,Electric Shot,Pn.6e618t1,Power,,-11.9962,0
17:10:04:22:37:57.0::Harkken,P[511693318@23789296 Harkken@sshookman],,*,,*,Electric Shot,Pn.2zr0it1,Power,,-17.1374,0
17:10:04:22:37:57.0::Harkken,P[511693318@23789296 Harkken@sshookman],,*,Target Dummy,C[278516 Entity_Targetdummy],Electric Shot,Pn.2zr0it1,Physical,Critical,1477.7,0
17:10:04:22:37:57.0::Harkken,P[511693318@23789296 Harkken@sshookman],,*,Target Dummy,C[278516 Entity_Targetdummy],Longshot,Pn.6hn0so1,Physical,,203.122,0
17:10:04:22:37:58.1::Harkken,P[511693318@23789296 Harkken@sshookman],,*,,*,Electric Shot,Pn.Atk1ys1,Power,,-11.9962,0
17:10:04:22:37:58.1::Harkken,P[511693318@23789296 Harkken@sshookman],,*,Target Dummy,C[278516 Entity_Targetdummy],Electric Shot,Pn.Atk1ys1,Physical,,502.233,0
17:10:04:22:37:58.9::Harkken,P[511693318@23789296 Harkken@sshookman],,*,Target Dummy,C[278516 Entity_Targetdummy],Longshot,Pn.6hn0so1,Physical,,206.75,0
17:10:04:22:37:58.9::Harkken,P[511693318@23789296 Harkken@sshookman],,*,Target Dummy,C[278516 Entity_Targetdummy],Electric Shot,Pn.6e618t1,Physical,Critical,1010.35,0
17:10:04:22:37:59.0::Harkken,P[511693318@23789296 Harkken@sshookman],,*,,*,Electric Shot,Pn.6e618t1,Power,,-11.9962,0
17:10:04:22:37:59.7::Harkken,P[511693318@23789296 Harkken@sshookman],,*,Target Dummy,C[278516 Entity_Targetdummy],Electric Shot,Pn.2zr0it1,Physical,Critical,1375.68,0
17:10:04:22:37:59.7::Harkken,P[511693318@23789296 Harkken@sshookman],,*,Target Dummy,C[278516 Entity_Targetdummy],Longshot,Pn.6hn0so1,Physical,,210.475,0
17:10:04:22:37:59.9::Harkken,P[511693318@23789296 Harkken@sshookman],,*,,*,Electric Shot,Pn.2zr0it1,Power,,-17.1374,0
17:10:04:22:38:03.1::Harkken,P[511693318@23789296 Harkken@sshookman],,*,,*,Electric Shot,Pn.Atk1ys1,Power,,-11.9962,0
17:10:04:22:38:03.1::Harkken,P[511693318@23789296 Harkken@sshookman],,*,Target Dummy,C[278516 Entity_Targetdummy],Electric Shot,Pn.Atk1ys1,Physical,,572.249,0
17:10:04:22:38:03.8::Harkken,P[511693318@23789296 Harkken@sshookman],,*,,*,Electric Shot,Pn.2zr0it1,Power,,-17.1374,0
17:10:04:22:38:03.8::Harkken,P[511693318@23789296 Harkken@sshookman],,*,Target Dummy,C[278516 Entity_Targetdummy],Electric Shot,Pn.2zr0it1,Physical,Critical,1406.8,0
17:10:04:22:38:03.8::Harkken,P[511693318@23789296 Harkken@sshookman],,*,Target Dummy,C[278516 Entity_Targetdummy],Longshot,Pn.6hn0so1,Physical,,195.304,0
17:10:04:22:38:05.0::Harkken,P[511693318@23789296 Harkken@sshookman],,*,,*,Electric Shot,Pn.6e618t1,Power,,-11.9962,0
17:10:04:22:38:05.0::Harkken,P[511693318@23789296 Harkken@sshookman],,*,Target Dummy,C[278516 Entity_Targetdummy],Electric Shot,Pn.6e618t1,Physical,,542.549,0
17:10:04:22:38:05.5::Harkken,P[511693318@23789296 Harkken@sshookman],,*,Target Dummy,C[278516 Entity_Targetdummy],Electric Shot,Pn.2zr0it1,Physical,,874.312,0
17:10:04:22:38:05.9::Harkken,P[511693318@23789296 Harkken@sshookman],,*,,*,Electric Shot,Pn.2zr0it1,Power,,-17.1374,0
17:10:04:22:38:06.9::Harkken,P[511693318@23789296 Harkken@sshookman],,*,Target Dummy,C[278516 Entity_Targetdummy],Electric Shot,Pn.Atk1ys1,Physical,Critical,977.665,0
17:10:04:22:38:06.9::Harkken,P[511693318@23789296 Harkken@sshookman],,*,Target Dummy,C[278516 Entity_Targetdummy],Longshot,Pn.6hn0so1,Physical,,218.209,0
17:10:04:22:38:07.0::Harkken,P[511693318@23789296 Harkken@sshookman],,*,,*,Electric Shot,Pn.Atk1ys1,Power,,-11.9962,0
17:10:04:22:38:08.1::Harkken,P[511693318@23789296 Harkken@sshookman],,*,,*,Electric Shot,Pn.6e618t1,Power,,-11.9962,0
17:10:04:22:38:08.1::Harkken,P[511693318@23789296 Harkken@sshookman],,*,Target Dummy,C[278516 Entity_Targetdummy],Electric Shot,Pn.6e618t1,Physical,Critical,1025.82,0
17:10:04:22:38:08.1::Harkken,P[511693318@23789296 Harkken@sshookman],,*,Target Dummy,C[278516 Entity_Targetdummy],Longshot,Pn.6hn0so1,Physical,,220.634,0
17:10:04:22:38:08.8::Harkken,P[511693318@23789296 Harkken@sshookman],,*,Target Dummy,C[278516 Entity_Targetdummy],Electric Shot,Pn.2zr0it1,Physical,,766.434,0
17:10:04:22:38:09.3::Harkken,P[511693318@23789296 Harkken@sshookman],,*,,*,Electric Shot,Pn.2zr0it1,Power,,-17.1374,0
17:10:04:22:38:10.5::Harkken,P[511693318@23789296 Harkken@sshookman],,*,,*,Electric Shot,Pn.Atk1ys1,Power,,-11.9962,0
17:10:04:22:38:10.5::Harkken,P[511693318@23789296 Harkken@sshookman],,*,Target Dummy,C[278516 Entity_Targetdummy],Electric Shot,Pn.Atk1ys1,Physical,,513.883,0
17:10:04:22:38:11.3::Harkken,P[511693318@23789296 Harkken@sshookman],,*,,*,Electric Shot,Pn.2zr0it1,Power,,-17.1374,0
17:10:04:22:38:11.3::Harkken,P[511693318@23789296 Harkken@sshookman],,*,Target Dummy,C[278516 Entity_Targetdummy],Electric Shot,Pn.2zr0it1,Physical,,830.804,0
17:10:04:22:38:12.4::Harkken,P[511693318@23789296 Harkken@sshookman],,*,Target Dummy,C[278516 Entity_Targetdummy],Electric Shot,Pn.Atk1ys1,Physical,,506.197,0
17:10:04:22:38:12.7::Harkken,P[511693318@23789296 Harkken@sshookman],,*,,*,Electric Shot,Pn.Atk1ys1,Power,,-11.9962,0
17:10:04:22:38:13.2::Harkken,P[511693318@23789296 Harkken@sshookman],,*,Target Dummy,C[278516 Entity_Targetdummy],Electric Shot,Pn.6e618t1,Physical,,545.96,0
17:10:04:22:38:13.4::Harkken,P[511693318@23789296 Harkken@sshookman],,*,,*,Electric Shot,Pn.6e618t1,Power,,-11.9962,0
17:10:04:22:38:14.3::Harkken,P[511693318@23789296 Harkken@sshookman],,*,,*,Electric Shot,Pn.2zr0it1,Power,,-17.1374,0
17:10:04:22:38:14.3::Harkken,P[511693318@23789296 Harkken@sshookman],,*,Target Dummy,C[278516 Entity_Targetdummy],Electric Shot,Pn.2zr0it1,Physical,,847.972,0
17:10:04:22:38:15.4::Harkken,P[511693318@23789296 Harkken@sshookman],,*,Target Dummy,C[278516 Entity_Targetdummy],Electric Shot,Pn.Atk1ys1,Physical,,514.234,0
17:10:04:22:38:15.5::Harkken,P[511693318@23789296 Harkken@sshookman],,*,,*,Electric Shot,Pn.Atk1ys1,Power,,-11.9962,0
17:10:04:22:38:16.4::Harkken,P[511693318@23789296 Harkken@sshookman],,*,,*,Electric Shot,Pn.6e618t1,Power,,-11.9962,0
17:10:04:22:38:16.4::Harkken,P[511693318@23789296 Harkken@sshookman],,*,Target Dummy,C[278516 Entity_Targetdummy],Electric Shot,Pn.6e618t1,Physical,,502.84,0
17:10:04:22:38:17.2::Harkken,P[511693318@23789296 Harkken@sshookman],,*,Target Dummy,C[278516 Entity_Targetdummy],Electric Shot,Pn.2zr0it1,Physical,,757.735,0
17:10:04:22:38:17.4::Harkken,P[511693318@23789296 Harkken@sshookman],,*,,*,Electric Shot,Pn.2zr0it1,Power,,-17.1374,0
17:10:04:22:38:18.6::Harkken,P[511693318@23789296 Harkken@sshookman],,*,Target Dummy,C[278516 Entity_Targetdummy],Electric Shot,Pn.Atk1ys1,Physical,,551.627,0
17:10:04:22:38:18.7::Harkken,P[511693318@23789296 Harkken@sshookman],,*,,*,Electric Shot,Pn.Atk1ys1,Power,,-11.9962,0
17:10:04:22:38:19.5::Harkken,P[511693318@23789296 Harkken@sshookman],,*,,*,Electric Shot,Pn.6e618t1,Power,,-11.9962,0
17:10:04:22:38:19.5::Harkken,P[511693318@23789296 Harkken@sshookman],,*,Target Dummy,C[278516 Entity_Targetdummy],Electric Shot,Pn.6e618t1,Physical,,526.99,0
17:10:04:22:38:20.5::Harkken,P[511693318@23789296 Harkken@sshookman],,*,,*,Electric Shot,Pn.2zr0it1,Power,,-17.1374,0
17:10:04:22:38:20.5::Harkken,P[511693318@23789296 Harkken@sshookman],,*,Target Dummy,C[278516 Entity_Targetdummy],Electric Shot,Pn.2zr0it1,Physical,,837.875,0
17:10:04:22:38:21.6::Harkken,P[511693318@23789296 Harkken@sshookman],,*,Target Dummy,C[278516 Entity_Targetdummy],Electric Shot,Pn.Atk1ys1,Physical,,516.893,0
17:10:04:22:38:21.7::Harkken,P[511693318@23789296 Harkken@sshookman],,*,,*,Electric Shot,Pn.Atk1ys1,Power,,-11.9962,0
17:10:04:22:38:22.5::Harkken,P[511693318@23789296 Harkken@sshookman],,*,,*,Electric Shot,Pn.6e618t1,Power,,-11.9962,0
17:10:04:22:38:22.5::Harkken,P[511693318@23789296 Harkken@sshookman],,*,Target Dummy,C[278516 Entity_Targetdummy],Electric Shot,Pn.6e618t1,Physical,,523.786,0
17:10:04:22:38:23.4::Harkken,P[511693318@23789296 Harkken@sshookman],,*,Target Dummy,C[278516 Entity_Targetdummy],Electric Shot,Pn.2zr0it1,Physical,,876.911,0
17:10:04:22:38:23.5::Harkken,P[511693318@23789296 Harkken@sshookman],,*,,*,Electric Shot,Pn.2zr0it1,Power,,-17.1374,0
17:10:04:22:38:24.5::Harkken,P[511693318@23789296 Harkken@sshookman],,*,Target Dummy,C[278516 Entity_Targetdummy],Electric Shot,Pn.Atk1ys1,Physical,Critical,879.914,0
17:10:04:22:38:24.5::Harkken,P[511693318@23789296 Harkken@sshookman],,*,Target Dummy,C[278516 Entity_Targetdummy],Longshot,Pn.6hn0so1,Physical,,200.705,0
17:10:04:22:38:24.7::Harkken,P[511693318@23789296 Harkken@sshookman],,*,,*,Electric Shot,Pn.Atk1ys1,Power,,-11.9962,0
17:10:04:22:38:25.3::Harkken,P[511693318@23789296 Harkken@sshookman],,*,Target Dummy,C[278516 Entity_Targetdummy],Electric Shot,Pn.2zr0it1,Physical,,780.749,0
17:10:04:22:38:25.4::Harkken,P[511693318@23789296 Harkken@sshookman],,*,,*,Electric Shot,Pn.2zr0it1,Power,,-17.1374,0
17:10:04:22:38:26.5::Harkken,P[511693318@23789296 Harkken@sshookman],,*,Target Dummy,C[278516 Entity_Targetdummy],Electric Shot,Pn.Atk1ys1,Physical,,508.825,0
17:10:04:22:38:26.9::Harkken,P[511693318@23789296 Harkken@sshookman],,*,,*,Electric Shot,Pn.Atk1ys1,Power,,-11.9962,0
17:10:04:22:38:27.6::Harkken,P[511693318@23789296 Harkken@sshookman],,*,Target Dummy,C[278516 Entity_Targetdummy],Electric Shot,Pn.6e618t1,Physical,,511.884,0
17:10:04:22:38:27.7::Harkken,P[511693318@23789296 Harkken@sshookman],,*,,*,Electric Shot,Pn.6e618t1,Power,,-11.9962,0
17:10:04:22:38:28.4::Harkken,P[511693318@23789296 Harkken@sshookman],,*,,*,Electric Shot,Pn.2zr0it1,Power,,-17.1374,0
17:10:04:22:38:28.4::Harkken,P[511693318@23789296 Harkken@sshookman],,*,Target Dummy,C[278516 Entity_Targetdummy],Electric Shot,Pn.2zr0it1,Physical,,762.289,0
17:10:04:22:38:29.5::Harkken,P[511693318@23789296 Harkken@sshookman],,*,Target Dummy,C[278516 Entity_Targetdummy],Electric Shot,Pn.Atk1ys1,Physical,,536.707,0
17:10:04:22:38:29.6::Harkken,P[511693318@23789296 Harkken@sshookman],,*,,*,Electric Shot,Pn.Atk1ys1,Power,,-11.9962,0
17:10:04:22:38:30.6::Harkken,P[511693318@23789296 Harkken@sshookman],,*,,*,Electric Shot,Pn.6e618t1,Power,,-11.9962,0
17:10:04:22:38:30.6::Harkken,P[511693318@23789296 Harkken@sshookman],,*,Target Dummy,C[278516 Entity_Targetdummy],Electric Shot,Pn.6e618t1,Physical,,527.398,0
17:10:04:22:38:31.6::Harkken,P[511693318@23789296 Harkken@sshookman],,*,,*,Electric Shot,Pn.2zr0it1,Power,,-17.1374,0
17:10:04:22:38:31.6::Harkken,P[511693318@23789296 Harkken@sshookman],,*,Target Dummy,C[278516 Entity_Targetdummy],Electric Shot,Pn.2zr0it1,Physical,,877.641,0
17:10:04:22:38:32.5::Harkken,P[511693318@23789296 Harkken@sshookman],,*,Target Dummy,C[278516 Entity_Targetdummy],Electric Shot,Pn.Atk1ys1,Physical,,550.766,0
17:10:04:22:38:32.6::Harkken,P[511693318@23789296 Harkken@sshookman],,*,,*,Electric Shot,Pn.Atk1ys1,Power,,-11.9962,0
17:10:04:22:38:33.4::Harkken,P[511693318@23789296 Harkken@sshookman],,*,,*,Electric Shot,Pn.6e618t1,Power,,-11.9962,0
17:10:04:22:38:33.4::Harkken,P[511693318@23789296 Harkken@sshookman],,*,Target Dummy,C[278516 Entity_Targetdummy],Electric Shot,Pn.6e618t1,Physical,,545.641,0
17:10:04:22:38:35.0::Harkken,P[511693318@23789296 Harkken@sshookman],,*,,*,Electric Shot,Pn.2zr0it1,Power,,-17.1374,0
17:10:04:22:38:35.0::Harkken,P[511693318@23789296 Harkken@sshookman],,*,Target Dummy,C[278516 Entity_Targetdummy],Electric Shot,Pn.2zr0it1,Physical,Critical,1541.38,0
17:10:04:22:38:35.0::Harkken,P[511693318@23789296 Harkken@sshookman],,*,Target Dummy,C[278516 Entity_Targetdummy],Longshot,Pn.6hn0so1,Physical,,189.957,0
17:10:04:22:38:36.1::Harkken,P[511693318@23789296 Harkken@sshookman],,*,Target Dummy,C[278516 Entity_Targetdummy],Electric Shot,Pn.Atk1ys1,Physical,,588.011,0
17:10:04:22:38:36.2::Harkken,P[511693318@23789296 Harkken@sshookman],,*,,*,Electric Shot,Pn.Atk1ys1,Power,,-11.9962,0
17:10:04:22:38:36.6::Harkken,P[511693318@23789296 Harkken@sshookman],,*,Target Dummy,C[278516 Entity_Targetdummy],Electric Shot,Pn.6e618t1,Physical,,509.163,0
17:10:04:22:38:36.7::Harkken,P[511693318@23789296 Harkken@sshookman],,*,,*,Electric Shot,Pn.6e618t1,Power,,-11.9962,0
17:10:04:22:38:37.5::Harkken,P[511693318@23789296 Harkken@sshookman],,*,Target Dummy,C[278516 Entity_Targetdummy],Electric Shot,Pn.2zr0it1,Physical,Critical,1466.21,0
17:10:04:22:38:37.5::Harkken,P[511693318@23789296 Harkken@sshookman],,*,Target Dummy,C[278516 Entity_Targetdummy],Longshot,Pn.6hn0so1,Physical,,197.008,0
17:10:04:22:38:37.6::Harkken,P[511693318@23789296 Harkken@sshookman],,*,,*,Electric Shot,Pn.2zr0it1,Power,,-17.1374,0
17:10:04:22:38:39.0::Harkken,P[511693318@23789296 Harkken@sshookman],,*,Target Dummy,C[278516 Entity_Targetdummy],Electric Shot,Pn.Atk1ys1,Physical,,563.438,0
17:10:04:22:38:39.0::Harkken,P[511693318@23789296 Harkken@sshookman],,*,,*,Electric Shot,Pn.Atk1ys1,Power,,-11.9962,0
17:10:04:22:38:39.7::Harkken,P[511693318@23789296 Harkken@sshookman],,*,Target Dummy,C[278516 Entity_Targetdummy],Electric Shot,Pn.6e618t1,Physical,,572.88,0
17:10:04:22:38:39.9::Harkken,P[511693318@23789296 Harkken@sshookman],,*,,*,Electric Shot,Pn.6e618t1,Power,,-11.9962,0
17:10:04:22:38:40.7::Harkken,P[511693318@23789296 Harkken@sshookman],,*,,*,Electric Shot,Pn.2zr0it1,Power,,-17.1374,0
17:10:04:22:38:40.7::Harkken,P[511693318@23789296 Harkken@sshookman],,*,Target Dummy,C[278516 Entity_Targetdummy],Electric Shot,Pn.2zr0it1,Physical,Critical,1322.85,0
17:10:04:22:38:40.7::Harkken,P[511693318@23789296 Harkken@sshookman],,*,Target Dummy,C[278516 Entity_Targetdummy],Longshot,Pn.6hn0so1,Physical,,208.041,0
17:10:04:22:38:42.5::Harkken,P[511693318@23789296 Harkken@sshookman],,*,Target Dummy,C[278516 Entity_Targetdummy],Electric Shot,Pn.Atk1ys1,Physical,,508.641,0
17:10:04:22:38:42.6::Harkken,P[511693318@23789296 Harkken@sshookman],,*,,*,Electric Shot,Pn.Atk1ys1,Power,,-11.9962,0
17:10:04:22:38:43.3::Harkken,P[511693318@23789296 Harkken@sshookman],,*,Target Dummy,C[278516 Entity_Targetdummy],Electric Shot,Pn.2zr0it1,Physical,,860.382,0
17:10:04:22:38:43.5::Harkken,P[511693318@23789296 Harkken@sshookman],,*,,*,Electric Shot,Pn.2zr0it1,Power,,-17.1374,0
17:10:04:22:38:44.3::Harkken,P[511693318@23789296 Harkken@sshookman],,*,Target Dummy,C[278516 Entity_Targetdummy],Electric Shot,Pn.Atk1ys1,Physical,,518.539,0
17:10:04:22:38:44.4::Harkken,P[511693318@23789296 Harkken@sshookman],,*,,*,Electric Shot,Pn.Atk1ys1,Power,,-11.9962,0
17:10:04:22:38:45.3::Harkken,P[511693318@23789296 Harkken@sshookman],,*,,*,Electric Shot,Pn.6e618t1,Power,,-11.9962,0
17:10:04:22:38:45.3::Harkken,P[511693318@23789296 Harkken@sshookman],,*,Target Dummy,C[278516 Entity_Targetdummy],Electric Shot,Pn.6e618t1,Physical,,515.851,0
17:10:04:22:38:46.1::Harkken,P[511693318@23789296 Harkken@sshookman],,*,,*,Electric Shot,Pn.2zr0it1,Power,,-17.1374,0
17:10:04:22:38:46.2::Harkken,P[511693318@23789296 Harkken@sshookman],,*,Target Dummy,C[278516 Entity_Targetdummy],Electric Shot,Pn.2zr0it1,Physical,Critical,1378.64,0
17:10:04:22:38:46.2::Harkken,P[511693318@23789296 Harkken@sshookman],,*,Target Dummy,C[278516 Entity_Targetdummy],Longshot,Pn.6hn0so1,Physical,,201.247,0
17:10:04:22:38:47.3::Harkken,P[511693318@23789296 Harkken@sshookman],,*,,*,Electric Shot,Pn.Atk1ys1,Power,,-11.9962,0
17:10:04:22:38:47.3::Harkken,P[511693318@23789296 Harkken@sshookman],,*,Target Dummy,C[278516 Entity_Targetdummy],Electric Shot,Pn.Atk1ys1,Physical,,550.329,0
17:10:04:22:38:48.0::Harkken,P[511693318@23789296 Harkken@sshookman],,*,Target Dummy,C[278516 Entity_Targetdummy],Longshot,Pn.6hn0so1,Physical,,224.395,0
17:10:04:22:38:48.0::Harkken,P[511693318@23789296 Harkken@sshookman],,*,Target Dummy,C[278516 Entity_Targetdummy],Electric Shot,Pn.6e618t1,Physical,Critical,971.786,0
17:10:04:22:38:48.2::Harkken,P[511693318@23789296 Harkken@sshookman],,*,,*,Electric Shot,Pn.6e618t1,Power,,-11.9962,0
17:10:04:22:38:49.0::Harkken,P[511693318@23789296 Harkken@sshookman],,*,,*,Electric Shot,Pn.2zr0it1,Power,,-17.1374,0
17:10:04:22:38:49.0::Harkken,P[511693318@23789296 Harkken@sshookman],,*,Target Dummy,C[278516 Entity_Targetdummy],Electric Shot,Pn.2zr0it1,Physical,,811.015,0
17:10:04:22:38:50.4::Harkken,P[511693318@23789296 Harkken@sshookman],,*,Target Dummy,C[278516 Entity_Targetdummy],Electric Shot,Pn.Atk1ys1,Physical,,564.238,0
17:10:04:22:38:50.6::Harkken,P[511693318@23789296 Harkken@sshookman],,*,,*,Electric Shot,Pn.Atk1ys1,Power,,-11.9962,0
17:10:04:22:38:51.1::Harkken,P[511693318@23789296 Harkken@sshookman],,*,Target Dummy,C[278516 Entity_Targetdummy],Electric Shot,Pn.6e618t1,Physical,,527.939,0
17:10:04:22:38:51.2::Harkken,P[511693318@23789296 Harkken@sshookman],,*,,*,Electric Shot,Pn.6e618t1,Power,,-11.9962,0
17:10:04:22:38:52.1::Harkken,P[511693318@23789296 Harkken@sshookman],,*,Target Dummy,C[278516 Entity_Targetdummy],Electric Shot,Pn.2zr0it1,Physical,,815.415,0
17:10:04:22:38:52.2::Harkken,P[511693318@23789296 Harkken@sshookman],,*,,*,Electric Shot,Pn.2zr0it1,Power,,-17.1374,0
17:10:04:22:38:53.3::Harkken,P[511693318@23789296 Harkken@sshookman],,*,,*,Electric Shot,Pn.Atk1ys1,Power,,-11.9962,0
17:10:04:22:38:53.3::Harkken,P[511693318@23789296 Harkken@sshookman],,*,Target Dummy,C[278516 Entity_Targetdummy],Electric Shot,Pn.Atk1ys1,Physical,,502.841,0
17:10:04:22:38:54.1::Harkken,P[511693318@23789296 Harkken@sshookman],,*,,*,Electric Shot,Pn.2zr0it1,Power,,-17.1374,0
17:10:04:22:38:54.2::Harkken,P[511693318@23789296 Harkken@sshookman],,*,Target Dummy,C[278516 Entity_Targetdummy],Electric Shot,Pn.2zr0it1,Physical,,833.448,0
17:10:04:22:38:55.2::Harkken,P[511693318@23789296 Harkken@sshookman],,*,Target Dummy,C[278516 Entity_Targetdummy],Electric Shot,Pn.Atk1ys1,Physical,,513.219,0
17:10:04:22:38:55.3::Harkken,P[511693318@23789296 Harkken@sshookman],,*,,*,Electric Shot,Pn.Atk1ys1,Power,,-11.9962,0
17:10:04:22:38:56.2::Harkken,P[511693318@23789296 Harkken@sshookman],,*,,*,Electric Shot,Pn.6e618t1,Power,,-11.9962,0
17:10:04:22:38:56.2::Harkken,P[511693318@23789296 Harkken@sshookman],,*,Target Dummy,C[278516 Entity_Targetdummy],Electric Shot,Pn.6e618t1,Physical,,537.094,0
17:10:04:22:38:56.9::Harkken,P[511693318@23789296 Harkken@sshookman],,*,Target Dummy,C[278516 Entity_Targetdummy],Electric Shot,Pn.2zr0it1,Physical,Critical,1417.05,0
17:10:04:22:38:56.9::Harkken,P[511693318@23789296 Harkken@sshookman],,*,Target Dummy,C[278516 Entity_Targetdummy],Longshot,Pn.6hn0so1,Physical,,220.694,0
17:10:04:22:38:57.0::Harkken,P[511693318@23789296 Harkken@sshookman],,*,,*,Electric Shot,Pn.2zr0it1,Power,,-17.1374,0
17:10:04:22:38:58.2::Harkken,P[511693318@23789296 Harkken@sshookman],,*,,*,Electric Shot,Pn.Atk1ys1,Power,,-11.9962,0
17:10:04:22:38:58.2::Harkken,P[511693318@23789296 Harkken@sshookman],,*,Target Dummy,C[278516 Entity_Targetdummy],Electric Shot,Pn.Atk1ys1,Physical,,561.222,0
17:10:04:22:38:59.0::Harkken,P[511693318@23789296 Harkken@sshookman],,*,Target Dummy,C[278516 Entity_Targetdummy],Electric Shot,Pn.6e618t1,Physical,,553.702,0
17:10:04:22:38:59.1::Harkken,P[511693318@23789296 Harkken@sshookman],,*,,*,Electric Shot,Pn.6e618t1,Power,,-11.9962,0
17:10:04:22:38:59.9::Harkken,P[511693318@23789296 Harkken@sshookman],,*,,*,Electric Shot,Pn.2zr0it1,Power,,-17.1374,0
17:10:04:22:38:59.9::Harkken,P[511693318@23789296 Harkken@sshookman],,*,Target Dummy,C[278516 Entity_Targetdummy],Electric Shot,Pn.2zr0it1,Physical,,754.819,0
17:10:04:22:39:01.0::Harkken,P[511693318@23789296 Harkken@sshookman],,*,Target Dummy,C[278516 Entity_Targetdummy],Longshot,Pn.6hn0so1,Physical,,216.656,0
17:10:04:22:39:01.0::Harkken,P[511693318@23789296 Harkken@sshookman],,*,Target Dummy,C[278516 Entity_Targetdummy],Electric Shot,Pn.Atk1ys1,Physical,Critical,1028.01,0
17:10:04:22:39:01.0::Harkken,P[511693318@23789296 Harkken@sshookman],,*,,*,Electric Shot,Pn.Atk1ys1,Power,,-11.9962,0
17:10:04:22:39:01.9::Harkken,P[511693318@23789296 Harkken@sshookman],,*,Target Dummy,C[278516 Entity_Targetdummy],Electric Shot,Pn.6e618t1,Physical,,551.268,0
17:10:04:22:39:02.0::Harkken,P[511693318@23789296 Harkken@sshookman],,*,,*,Electric Shot,Pn.6e618t1,Power,,-11.9962,0
17:10:04:22:39:02.7::Harkken,P[511693318@23789296 Harkken@sshookman],,*,,*,Electric Shot,Pn.2zr0it1,Power,,-17.1374,0
17:10:04:22:39:02.7::Harkken,P[511693318@23789296 Harkken@sshookman],,*,Target Dummy,C[278516 Entity_Targetdummy],Electric Shot,Pn.2zr0it1,Physical,,846.3,0
17:10:04:22:39:04.0::Harkken,P[511693318@23789296 Harkken@sshookman],,*,Target Dummy,C[278516 Entity_Targetdummy],Electric Shot,Pn.Atk1ys1,Physical,,578.252,0
17:10:04:22:39:04.1::Harkken,P[511693318@23789296 Harkken@sshookman],,*,,*,Electric Shot,Pn.Atk1ys1,Power,,-11.9962,0
17:10:04:22:39:04.7::Harkken,P[511693318@23789296 Harkken@sshookman],,*,Target Dummy,C[278516 Entity_Targetdummy],Electric Shot,Pn.6e618t1,Physical,,533.467,0
17:10:04:22:39:04.8::Harkken,P[511693318@23789296 Harkken@sshookman],,*,,*,Electric Shot,Pn.6e618t1,Power,,-11.9962,0
17:10:04:22:39:05.5::Harkken,P[511693318@23789296 Harkken@sshookman],,*,Target Dummy,C[278516 Entity_Targetdummy],Electric Shot,Pn.2zr0it1,Physical,Critical,1425.99,0
17:10:04:22:39:05.5::Harkken,P[511693318@23789296 Harkken@sshookman],,*,Target Dummy,C[278516 Entity_Targetdummy],Longshot,Pn.6hn0so1,Physical,,214.816,0
17:10:04:22:39:05.6::Harkken,P[511693318@23789296 Harkken@sshookman],,*,,*,Electric Shot,Pn.2zr0it1,Power,,-17.1374,0
17:10:04:22:39:06.7::Harkken,P[511693318@23789296 Harkken@sshookman],,*,Target Dummy,C[278516 Entity_Targetdummy],Electric Shot,Pn.Atk1ys1,Physical,Critical,904.521,0
17:10:04:22:39:06.7::Harkken,P[511693318@23789296 Harkken@sshookman],,*,Target Dummy,C[278516 Entity_Targetdummy],Longshot,Pn.6hn0so1,Physical,,202.575,0
17:10:04:22:39:06.9::Harkken,P[511693318@23789296 Harkken@sshookman],,*,,*,Electric Shot,Pn.Atk1ys1,Power,,-11.9962,0
17:10:04:22:39:07.9::Harkken,P[511693318@23789296 Harkken@sshookman],,*,,*,Electric Shot,Pn.6e618t1,Power,,-11.9962,0
17:10:04:22:39:07.9::Harkken,P[511693318@23789296 Harkken@sshookman],,*,Target Dummy,C[278516 Entity_Targetdummy],Electric Shot,Pn.6e618t1,Physical,Critical,985.039,0
17:10:04:22:39:07.9::Harkken,P[511693318@23789296 Harkken@sshookman],,*,Target Dummy,C[278516 Entity_Targetdummy],Longshot,Pn.6hn0so1,Physical,,227.356,0
17:10:04:22:39:08.5::Harkken,P[511693318@23789296 Harkken@sshookman],,*,Target Dummy,C[278516 Entity_Targetdummy],Electric Shot,Pn.2zr0it1,Physical,Critical,1351.59,0
17:10:04:22:39:08.5::Harkken,P[511693318@23789296 Harkken@sshookman],,*,Target Dummy,C[278516 Entity_Targetdummy],Longshot,Pn.6hn0so1,Physical,,200.685,0
17:10:04:22:39:08.6::Harkken,P[511693318@23789296 Harkken@sshookman],,*,,*,Electric Shot,Pn.2zr0it1,Power,,-17.1374,0
17:10:04:22:39:09.9::Harkken,P[511693318@23789296 Harkken@sshookman],,*,Target Dummy,C[278516 Entity_Targetdummy],Electric Shot,Pn.Atk1ys1,Physical,,561.7,0
17:10:04:22:39:10.0::Harkken,P[511693318@23789296 Harkken@sshookman],,*,,*,Electric Shot,Pn.Atk1ys1,Power,,-11.9962,0
17:10:04:22:39:11.2::Harkken,P[511693318@23789296 Harkken@sshookman],,*,,*,Electric Shot,Pn.6e618t1,Power,,-11.9962,0
17:10:04:22:39:11.2::Harkken,P[511693318@23789296 Harkken@sshookman],,*,Target Dummy,C[278516 Entity_Targetdummy],Electric Shot,Pn.6e618t1,Physical,,562.903,0
17:10:04:22:39:11.8::Harkken,P[511693318@23789296 Harkken@sshookman],,*,Target Dummy,C[278516 Entity_Targetdummy],Electric Shot,Pn.2zr0it1,Physical,,802.937,0
17:10:04:22:39:11.9::Harkken,P[511693318@23789296 Harkken@sshookman],,*,,*,Electric Shot,Pn.2zr0it1,Power,,-17.1374,0
17:10:04:22:39:13.1::Harkken,P[511693318@23789296 Harkken@sshookman],,*,,*,Electric Shot,Pn.Atk1ys1,Power,,-11.9962,0
17:10:04:22:39:13.1::Harkken,P[511693318@23789296 Harkken@sshookman],,*,Target Dummy,C[278516 Entity_Targetdummy],Electric Shot,Pn.Atk1ys1,Physical,,551.49,0
17:10:04:22:39:13.9::Harkken,P[511693318@23789296 Harkken@sshookman],,*,Target Dummy,C[278516 Entity_Targetdummy],Electric Shot,Pn.6e618t1,Physical,,559.706,0
17:10:04:22:39:14.1::Harkken,P[511693318@23789296 Harkken@sshookman],,*,,*,Electric Shot,Pn.6e618t1,Power,,-11.9962,0
17:10:04:22:39:15.1::Harkken,P[511693318@23789296 Harkken@sshookman],,*,,*,Electric Shot,Pn.2zr0it1,Power,,-17.1374,0
17:10:04:22:39:15.1::Harkken,P[511693318@23789296 Harkken@sshookman],,*,Target Dummy,C[278516 Entity_Targetdummy],Electric Shot,Pn.2zr0it1,Physical,,831.418,0
17:10:04:22:39:16.2::Harkken,P[511693318@23789296 Harkken@sshookman],,*,,*,Electric Shot,Pn.Atk1ys1,Power,,-11.9962,0
17:10:04:22:39:16.2::Harkken,P[511693318@23789296 Harkken@sshookman],,*,Target Dummy,C[278516 Entity_Targetdummy],Longshot,Pn.6hn0so1,Physical,,223.742,0
17:10:04:22:39:16.2::Harkken,P[511693318@23789296 Harkken@sshookman],,*,Target Dummy,C[278516 Entity_Targetdummy],Electric Shot,Pn.Atk1ys1,Physical,Critical,922.575,0
17:10:04:22:39:16.8::Harkken,P[511693318@23789296 Harkken@sshookman],,*,Target Dummy,C[278516 Entity_Targetdummy],Electric Shot,Pn.2zr0it1,Physical,,768.14,0
17:10:04:22:39:16.9::Harkken,P[511693318@23789296 Harkken@sshookman],,*,,*,Electric Shot,Pn.2zr0it1,Power,,-17.1374,0
17:10:04:22:39:18.1::Harkken,P[511693318@23789296 Harkken@sshookman],,*,,*,Electric Shot,Pn.Atk1ys1,Power,,-11.9962,0
17:10:04:22:39:18.1::Harkken,P[511693318@23789296 Harkken@sshookman],,*,Target Dummy,C[278516 Entity_Targetdummy],Electric Shot,Pn.Atk1ys1,Physical,,541.612,0
17:10:04:22:39:18.8::Harkken,P[511693318@23789296 Harkken@sshookman],,*,Target Dummy,C[278516 Entity_Targetdummy],Electric Shot,Pn.6e618t1,Physical,,570.945,0
17:10:04:22:39:18.9::Harkken,P[511693318@23789296 Harkken@sshookman],,*,,*,Electric Shot,Pn.6e618t1,Power,,-11.9962,0
17:10:04:22:39:19.8::Harkken,P[511693318@23789296 Harkken@sshookman],,*,Target Dummy,C[278516 Entity_Targetdummy],Electric Shot,Pn.2zr0it1,Physical,,759.725,0
17:10:04:22:39:19.9::Harkken,P[511693318@23789296 Harkken@sshookman],,*,,*,Electric Shot,Pn.2zr0it1,Power,,-17.1374,0
17:10:04:22:39:20.9::Harkken,P[511693318@23789296 Harkken@sshookman],,*,Target Dummy,C[278516 Entity_Targetdummy],Electric Shot,Pn.Atk1ys1,Physical,,523.267,0
17:10:04:22:39:21.0::Harkken,P[511693318@23789296 Harkken@sshookman],,*,,*,Electric Shot,Pn.Atk1ys1,Power,,-11.9962,0
17:10:04:22:39:21.7::Harkken,P[511693318@23789296 Harkken@sshookman],,*,Target Dummy,C[278516 Entity_Targetdummy],Electric Shot,Pn.6e618t1,Physical,,558.15,0
17:10:04:22:39:21.8::Harkken,P[511693318@23789296 Harkken@sshookman],,*,,*,Electric Shot,Pn.6e618t1,Power,,-11.9962,0
17:10:04:22:39:22.6::Harkken,P[511693318@23789296 Harkken@sshookman],,*,Target Dummy,C[278516 Entity_Targetdummy],Electric Shot,Pn.2zr0it1,Physical,Critical,1428.81,0
17:10:04:22:39:22.6::Harkken,P[511693318@23789296 Harkken@sshookman],,*,Target Dummy,C[278516 Entity_Targetdummy],Longshot,Pn.6hn0so1,Physical,,213.183,0
17:10:04:22:39:22.8::Harkken,P[511693318@23789296 Harkken@sshookman],,*,,*,Electric Shot,Pn.2zr0it1,Power,,-17.1374,0
17:10:04:22:39:23.8::Harkken,P[511693318@23789296 Harkken@sshookman],,*,Target Dummy,C[278516 Entity_Targetdummy],Electric Shot,Pn.Atk1ys1,Physical,Critical,1019.18,0
17:10:04:22:39:23.8::Harkken,P[511693318@23789296 Harkken@sshookman],,*,Target Dummy,C[278516 Entity_Targetdummy],Longshot,Pn.6hn0so1,Physical,,228.867,0
17:10:04:22:39:23.9::Harkken,P[511693318@23789296 Harkken@sshookman],,*,,*,Electric Shot,Pn.Atk1ys1,Power,,-11.9962,0
17:10:04:22:39:24.7::Harkken,P[511693318@23789296 Harkken@sshookman],,*,,*,Electric Shot,Pn.6e618t1,Power,,-11.9962,0
17:10:04:22:39:24.7::Harkken,P[511693318@23789296 Harkken@sshookman],,*,Target Dummy,C[278516 Entity_Targetdummy],Electric Shot,Pn.6e618t1,Physical,,524.486,0
17:10:04:22:39:25.6::Harkken,P[511693318@23789296 Harkken@sshookman],,*,,*,Electric Shot,Pn.2zr0it1,Power,,-17.1374,0
17:10:04:22:39:25.6::Harkken,P[511693318@23789296 Harkken@sshookman],,*,Target Dummy,C[278516 Entity_Targetdummy],Electric Shot,Pn.2zr0it1,Physical,,859.975,0
17:10:04:22:39:26.9::Harkken,P[511693318@23789296 Harkken@sshookman],,*,,*,Electric Shot,Pn.Atk1ys1,Power,,-11.9962,0
17:10:04:22:39:26.9::Harkken,P[511693318@23789296 Harkken@sshookman],,*,Target Dummy,C[278516 Entity_Targetdummy],Electric Shot,Pn.Atk1ys1,Physical,Critical,969.991,0
17:10:04:22:39:26.9::Harkken,P[511693318@23789296 Harkken@sshookman],,*,Target Dummy,C[278516 Entity_Targetdummy],Longshot,Pn.6hn0so1,Physical,,213.966,0
17:10:04:22:39:27.7::Harkken,P[511693318@23789296 Harkken@sshookman],,*,Target Dummy,C[278516 Entity_Targetdummy],Electric Shot,Pn.6e618t1,Physical,,503.091,0
17:10:04:22:39:27.8::Harkken,P[511693318@23789296 Harkken@sshookman],,*,,*,Electric Shot,Pn.6e618t1,Power,,-11.9962,0
17:10:04:22:39:29.2::Harkken,P[511693318@23789296 Harkken@sshookman],,*,Target Dummy,C[278516 Entity_Targetdummy],Electric Shot,Pn.2zr0it1,Physical,,813.084,0
17:10:04:22:39:29.5::Harkken,P[511693318@23789296 Harkken@sshookman],,*,,*,Electric Shot,Pn.2zr0it1,Power,,-17.1374,0
17:10:04:22:39:30.3::Harkken,P[511693318@23789296 Harkken@sshookman],,*,,*,Electric Shot,Pn.Atk1ys1,Power,,-11.9962,0
17:10:04:22:39:30.3::Harkken,P[511693318@23789296 Harkken@sshookman],,*,Target Dummy,C[278516 Entity_Targetdummy],Electric Shot,Pn.Atk1ys1,Physical,,509.327,0
17:10:04:22:39:31.0::Harkken,P[511693318@23789296 Harkken@sshookman],,*,,*,Electric Shot,Pn.6e618t1,Power,,-11.9962,0
17:10:04:22:39:31.0::Harkken,P[511693318@23789296 Harkken@sshookman],,*,Target Dummy,C[278516 Entity_Targetdummy],Electric Shot,Pn.6e618t1,Physical,,536.037,0
17:10:04:22:39:32.0::Harkken,P[511693318@23789296 Harkken@sshookman],,*,,*,Electric Shot,Pn.2zr0it1,Power,,-17.1374,0
17:10:04:22:39:32.0::Harkken,P[511693318@23789296 Harkken@sshookman],,*,Target Dummy,C[278516 Entity_Targetdummy],Electric Shot,Pn.2zr0it1,Physical,Critical,1424.72,0
17:10:04:22:39:32.0::Harkken,P[511693318@23789296 Harkken@sshookman],,*,Target Dummy,C[278516 Entity_Targetdummy],Longshot,Pn.6hn0so1,Physical,,204.34,0
17:10:04:22:39:33.4::Harkken,P[511693318@23789296 Harkken@sshookman],,*,,*,Electric Shot,Pn.Atk1ys1,Power,,-11.9962,0
17:10:04:22:39:33.4::Harkken,P[511693318@23789296 Harkken@sshookman],,*,Target Dummy,C[278516 Entity_Targetdummy],Electric Shot,Pn.Atk1ys1,Physical,,535.672,0
17:10:04:22:39:34.1::Harkken,P[511693318@23789296 Harkken@sshookman],,*,,*,Electric Shot,Pn.2zr0it1,Power,,-17.1374,0
17:10:04:22:39:34.4::Harkken,P[511693318@23789296 Harkken@sshookman],,*,Target Dummy,C[278516 Entity_Targetdummy],Electric Shot,Pn.2zr0it1,Physical,,817.19,0
17:10:04:22:39:35.3::Harkken,P[511693318@23789296 Harkken@sshookman],,*,Target Dummy,C[278516 Entity_Targetdummy],Electric Shot,Pn.Atk1ys1,Physical,Critical,926.067,0
17:10:04:22:39:35.3::Harkken,P[511693318@23789296 Harkken@sshookman],,*,Target Dummy,C[278516 Entity_Targetdummy],Longshot,Pn.6hn0so1,Physical,,196.859,0
17:10:04:22:39:35.4::Harkken,P[511693318@23789296 Harkken@sshookman],,*,,*,Electric Shot,Pn.Atk1ys1,Power,,-11.9962,0
17:10:04:22:39:36.2::Harkken,P[511693318@23789296 Harkken@sshookman],,*,,*,Electric Shot,Pn.6e618t1,Power,,-11.9962,0
17:10:04:22:39:36.2::Harkken,P[511693318@23789296 Harkken@sshookman],,*,Target Dummy,C[278516 Entity_Targetdummy],Electric Shot,Pn.6e618t1,Physical,Critical,979.908,0
17:10:04:22:39:36.2::Harkken,P[511693318@23789296 Harkken@sshookman],,*,Target Dummy,C[278516 Entity_Targetdummy],Longshot,Pn.6hn0so1,Physical,,197.118,0
17:10:04:22:39:37.0::Harkken,P[511693318@23789296 Harkken@sshookman],,*,,*,Electric Shot,Pn.2zr0it1,Power,,-17.1374,0
17:10:04:22:39:37.0::Harkken,P[511693318@23789296 Harkken@sshookman],,*,Target Dummy,C[278516 Entity_Targetdummy],Electric Shot,Pn.2zr0it1,Physical,,878.179,0
17:10:04:22:39:38.3::Harkken,P[511693318@23789296 Harkken@sshookman],,*,Target Dummy,C[278516 Entity_Targetdummy],Electric Shot,Pn.Atk1ys1,Physical,Critical,914.566,0
17:10:04:22:39:38.3::Harkken,P[511693318@23789296 Harkken@sshookman],,*,Target Dummy,C[278516 Entity_Targetdummy],Longshot,Pn.6hn0so1,Physical,,229.126,0
17:10:04:22:39:38.4::Harkken,P[511693318@23789296 Harkken@sshookman],,*,,*,Electric Shot,Pn.Atk1ys1,Power,,-11.9962,0
17:10:04:22:39:39.2::Harkken,P[511693318@23789296 Harkken@sshookman],,*,,*,Electric Shot,Pn.6e618t1,Power,,-11.9962,0
17:10:04:22:39:39.2::Harkken,P[511693318@23789296 Harkken@sshookman],,*,Target Dummy,C[278516 Entity_Targetdummy],Electric Shot,Pn.6e618t1,Physical,,554.951,0
17:10:04:22:39:39.9::Harkken,P[511693318@23789296 Harkken@sshookman],,*,Target Dummy,C[278516 Entity_Targetdummy],Electric Shot,Pn.2zr0it1,Physical,,793.345,0
17:10:04:22:39:40.0::Harkken,P[511693318@23789296 Harkken@sshookman],,*,,*,Electric Shot,Pn.2zr0it1,Power,,-17.1374,0
17:10:04:22:39:41.2::Harkken,P[511693318@23789296 Harkken@sshookman],,*,Target Dummy,C[278516 Entity_Targetdummy],Electric Shot,Pn.Atk1ys1,Physical,,571.96,0
17:10:04:22:39:41.3::Harkken,P[511693318@23789296 Harkken@sshookman],,*,,*,Electric Shot,Pn.Atk1ys1,Power,,-11.9962,0
17:10:04:22:39:42.6::Harkken,P[511693318@23789296 Harkken@sshookman],,*,,*,Electric Shot,Pn.6e618t1,Power,,-11.9962,0
17:10:04:22:39:42.6::Harkken,P[511693318@23789296 Harkken@sshookman],,*,Target Dummy,C[278516 Entity_Targetdummy],Electric Shot,Pn.6e618t1,Physical,,561.181,0
17:10:04:22:39:43.3::Harkken,P[511693318@23789296 Harkken@sshookman],,*,Target Dummy,C[278516 Entity_Targetdummy],Electric Shot,Pn.2zr0it1,Physical,,794.189,0
17:10:04:22:39:43.4::Harkken,P[511693318@23789296 Harkken@sshookman],,*,,*,Electric Shot,Pn.2zr0it1,Power,,-17.1374,0
17:10:04:22:39:44.4::Harkken,P[511693318@23789296 Harkken@sshookman],,*,Target Dummy,C[278516 Entity_Targetdummy],Electric Shot,Pn.Atk1ys1,Physical,,582.228,0
17:10:04:22:39:44.5::Harkken,P[511693318@23789296 Harkken@sshookman],,*,,*,Electric Shot,Pn.Atk1ys1,Power,,-11.9962,0
17:10:04:22:39:45.2::Harkken,P[511693318@23789296 Harkken@sshookman],,*,Target Dummy,C[278516 Entity_Targetdummy],Electric Shot,Pn.6e618t1,Physical,,506.96,0
17:10:04:22:39:45.3::Harkken,P[511693318@23789296 Harkken@sshookman],,*,,*,Electric Shot,Pn.6e618t1,Power,,-11.9962,0
17:10:04:22:39:46.2::Harkken,P[511693318@23789296 Harkken@sshookman],,*,,*,Electric Shot,Pn.2zr0it1,Power,,-17.1374,0
17:10:04:22:39:46.2::Harkken,P[511693318@23789296 Harkken@sshookman],,*,Target Dummy,C[278516 Entity_Targetdummy],Electric Shot,Pn.2zr0it1,Physical,,778.638,0
17:10:04:22:39:47.3::Harkken,P[511693318@23789296 Harkken@sshookman],,*,Target Dummy,C[278516 Entity_Targetdummy],Electric Shot,Pn.Atk1ys1,Physical,,539.951,0
17:10:04:22:39:47.4::Harkken,P[511693318@23789296 Harkken@sshookman],,*,,*,Electric Shot,Pn.Atk1ys1,Power,,-11.9962,0
17:10:04:22:39:48.2::Harkken,P[511693318@23789296 Harkken@sshookman],,*,,*,Electric Shot,Pn.6e618t1,Power,,-11.9962,0
17:10:04:22:39:48.2::Harkken,P[511693318@23789296 Harkken@sshookman],,*,Target Dummy,C[278516 Entity_Targetdummy],Electric Shot,Pn.6e618t1,Physical,Critical,950.015,0
17:10:04:22:39:48.2::Harkken,P[511693318@23789296 Harkken@sshookman],,*,Target Dummy,C[278516 Entity_Targetdummy],Longshot,Pn.6hn0so1,Physical,,219.963,0
17:10:04:22:39:49.0::Harkken,P[511693318@23789296 Harkken@sshookman],,*,Target Dummy,C[278516 Entity_Targetdummy],Electric Shot,Pn.2zr0it1,Physical,,846.895,0
17:10:04:22:39:49.3::Harkken,P[511693318@23789296 Harkken@sshookman],,*,,*,Electric Shot,Pn.2zr0it1,Power,,-17.1374,0
17:10:04:22:39:52.1::Harkken,P[511693318@23789296 Harkken@sshookman],,*,,*,Electric Shot,Pn.Atk1ys1,Power,,-11.9962,0
17:10:04:22:39:52.2::Harkken,P[511693318@23789296 Harkken@sshookman],,*,Target Dummy,C[278516 Entity_Targetdummy],Electric Shot,Pn.Atk1ys1,Physical,,556.154,0
17:10:04:22:39:52.8::Harkken,P[511693318@23789296 Harkken@sshookman],,*,,*,Electric Shot,Pn.2zr0it1,Power,,-17.1374,0
17:10:04:22:39:52.8::Harkken,P[511693318@23789296 Harkken@sshookman],,*,Target Dummy,C[278516 Entity_Targetdummy],Electric Shot,Pn.2zr0it1,Physical,,810.521,0
17:10:04:22:39:53.8::Harkken,P[511693318@23789296 Harkken@sshookman],,*,Target Dummy,C[278516 Entity_Targetdummy],Electric Shot,Pn.6e618t1,Physical,,544.604,0
17:10:04:22:39:54.3::Harkken,P[511693318@23789296 Harkken@sshookman],,*,,*,Electric Shot,Pn.6e618t1,Power,,-11.9962,0
17:10:04:22:39:55.4::Harkken,P[511693318@23789296 Harkken@sshookman],,*,,*,Electric Shot,Pn.2zr0it1,Power,,-17.1374,0
17:10:04:22:39:55.4::Harkken,P[511693318@23789296 Harkken@sshookman],,*,Target Dummy,C[278516 Entity_Targetdummy],Electric Shot,Pn.2zr0it1,Physical,,792.246,0
17:10:04:22:39:56.1::Harkken,P[511693318@23789296 Harkken@sshookman],,*,,*,Electric Shot,Pn.Atk1ys1,Power,,-11.9962,0
17:10:04:22:39:56.3::Harkken,P[511693318@23789296 Harkken@sshookman],,*,Target Dummy,C[278516 Entity_Targetdummy],Electric Shot,Pn.Atk1ys1,Physical,,554.023,0
17:10:04:22:39:57.0::Harkken,P[511693318@23789296 Harkken@sshookman],,*,,*,Electric Shot,Pn.6e618t1,Power,,-11.9962,0
17:10:04:22:39:57.0::Harkken,P[511693318@23789296 Harkken@sshookman],,*,Target Dummy,C[278516 Entity_Targetdummy],Longshot,Pn.6hn0so1,Physical,,200.851,0
17:10:04:22:39:57.0::Harkken,P[511693318@23789296 Harkken@sshookman],,*,Target Dummy,C[278516 Entity_Targetdummy],Electric Shot,Pn.6e618t1,Physical,Critical,1025,0
17:10:04:22:39:57.9::Harkken,P[511693318@23789296 Harkken@sshookman],,*,,*,Electric Shot,Pn.2zr0it1,Power,,-17.1374,0
17:10:04:22:39:57.9::Harkken,P[511693318@23789296 Harkken@sshookman],,*,Target Dummy,C[278516 Entity_Targetdummy],Electric Shot,Pn.2zr0it1,Physical,,841.626,0
17:10:04:22:39:59.2::Harkken,P[511693318@23789296 Harkken@sshookman],,*,,*,Electric Shot,Pn.Atk1ys1,Power,,-11.9962,0
17:10:04:22:39:59.2::Harkken,P[511693318@23789296 Harkken@sshookman],,*,Target Dummy,C[278516 Entity_Targetdummy],Electric Shot,Pn.Atk1ys1,Physical,Critical,906.787,0
17:10:04:22:39:59.2::Harkken,P[511693318@23789296 Harkken@sshookman],,*,Target Dummy,C[278516 Entity_Targetdummy],Longshot,Pn.6hn0so1,Physical,,220.144,0
17:10:04:22:39:59.9::Harkken,P[511693318@23789296 Harkken@sshookman],,*,Target Dummy,C[278516 Entity_Targetdummy],Electric Shot,Pn.6e618t1,Physical,,527.428,0
17:10:04:22:40:00.3::Harkken,P[511693318@23789296 Harkken@sshookman],,*,,*,Electric Shot,Pn.6e618t1,Power,,-11.9962,0
17:10:04:22:40:00.8::Harkken,P[511693318@23789296 Harkken@sshookman],,*,Target Dummy,C[278516 Entity_Targetdummy],Electric Shot,Pn.2zr0it1,Physical,Critical,1436.15,0
17:10:04:22:40:00.8::Harkken,P[511693318@23789296 Harkken@sshookman],,*,Target Dummy,C[278516 Entity_Targetdummy],Longshot,Pn.6hn0so1,Physical,,197.25,0
17:10:04:22:40:00.9::Harkken,P[511693318@23789296 Harkken@sshookman],,*,,*,Electric Shot,Pn.2zr0it1,Power,,-17.1374,0
17:10:04:22:40:02.0::Harkken,P[511693318@23789296 Harkken@sshookman],,*,Target Dummy,C[278516 Entity_Targetdummy],Longshot,Pn.6hn0so1,Physical,,222.934,0
17:10:04:22:40:02.0::Harkken,P[511693318@23789296 Harkken@sshookman],,*,Target Dummy,C[278516 Entity_Targetdummy],Electric Shot,Pn.Atk1ys1,Physical,Critical,1030.11,0
17:10:04:22:40:02.2::Harkken,P[511693318@23789296 Harkken@sshookman],,*,,*,Electric Shot,Pn.Atk1ys1,Power,,-11.9962,0
17:10:04:22:40:02.9::Harkken,P[511693318@23789296 Harkken@sshookman],,*,Target Dummy,C[278516 Entity_Targetdummy],Electric Shot,Pn.6e618t1,Physical,,532.648,0
17:10:04:22:40:03.0::Harkken,P[511693318@23789296 Harkken@sshookman],,*,,*,Electric Shot,Pn.6e618t1,Power,,-11.9962,0
