17:10:04:22:24:01.0::Harkken,P[511693318@23789296 Harkken@sshookman],,*,Target Dummy,C[278516 Entity_Targetdummy],Electric Shot,Pn.Atk1ys1,Physical,Critical,888.298,0
17:10:04:22:24:01.0::Harkken,P[511693318@23789296 Harkken@sshookman],,*,Target Dummy,C[278516 Entity_Targetdummy],Longshot,Pn.6hn0so1,Physical,,191.759,0
17:10:04:22:24:01.1::Harkken,P[511693318@23789296 Harkken@sshookman],,*,,*,Electric Shot,Pn.Atk1ys1,Power,,-11.9821,0
17:10:04:22:24:01.5::Harkken,P[511693318@23789296 Harkken@sshookman],,*,Target Dummy,C[278516 Entity_Targetdummy],Electric Shot,Pn.6e618t1,Physical,,557.848,0
17:10:04:22:24:01.8::Harkken,P[511693318@23789296 Harkken@sshookman],,*,,*,Electric Shot,Pn.6e618t1,Power,,-11.9821,0
17:10:04:22:24:02.4::Harkken,P[511693318@23789296 Harkken@sshookman],,*,,*,Electric Shot,Pn.2zr0it1,Power,,-17.1173,0
17:10:04:22:24:02.4::Harkken,P[511693318@23789296 Harkken@sshookman],,*,Target Dummy,C[278516 Entity_Targetdummy],Electric Shot,Pn.2zr0it1,Physical,,828.72,0
17:10:04:22:24:03.7::Harkken,P[511693318@23789296 Harkken@sshookman],,*,,*,Electric Shot,Pn.Atk1ys1,Power,,-11.9821,0
17:10:04:22:24:03.7::Harkken,P[511693318@23789296 Harkken@sshookman],,*,Target Dummy,C[278516 Entity_Targetdummy],Electric Shot,Pn.Atk1ys1,Physical,Critical,856.253,0
17:10:04:22:24:03.7::Harkken,P[511693318@23789296 Harkken@sshookman],,*,Target Dummy,C[278516 Entity_Targetdummy],Longshot,Pn.6hn0so1,Physical,,207.862,0
17:10:04:22:24:04.5::Harkken,P[511693318@23789296 Harkken@sshookman],,*,Target Dummy,C[278516 Entity_Targetdummy],Electric Shot,Pn.6e618t1,Physical,,483.579,0
17:10:04:22:24:04.7::Harkken,P[511693318@23789296 Harkken@sshookman],,*,,*,Electric Shot,Pn.6e618t1,Power,,-11.9821,0
17:10:04:22:24:05.3::Harkken,P[511693318@23789296 Harkken@sshookman],,*,Target Dummy,C[278516 Entity_Targetdummy],Electric Shot,Pn.2zr0it1,Physical,,809.072,0
17:10:04:22:24:05.4::Harkken,P[511693318@23789296 Harkken@sshookman],,*,,*,Electric Shot,Pn.2zr0it1,Power,,-17.1173,0
17:10:04:22:24:06.6::Harkken,P[511693318@23789296 Harkken@sshookman],,*,Target Dummy,C[278516 Entity_Targetdummy],Electric Shot,Pn.Atk1ys1,Physical,Critical,914.634,0
17:10:04:22:24:06.6::Harkken,P[511693318@23789296 Harkken@sshookman],,*,Target Dummy,C[278516 Entity_Targetdummy],Longshot,Pn.6hn0so1,Physical,,198.307,0
17:10:04:22:24:06.7::Harkken,P[511693318@23789296 Harkken@sshookman],,*,,*,Electric Shot,Pn.Atk1ys1,Power,,-11.9821,0
17:10:04:22:24:07.4::Harkken,P[511693318@23789296 Harkken@sshookman],,*,Target Dummy,C[278516 Entity_Targetdummy],Electric Shot,Pn.6e618t1,Physical,,552.472,0
17:10:04:22:24:07.5::Harkken,P[511693318@23789296 Harkken@sshookman],,*,,*,Electric Shot,Pn.6e618t1,Power,,-11.9821,0
17:10:04:22:24:08.6::Harkken,P[511693318@23789296 Harkken@sshookman],,*,Target Dummy,C[278516 Entity_Targetdummy],Electric Shot,Pn.2zr0it1,Physical,,811.956,0
17:10:04:22:24:08.7::Harkken,P[511693318@23789296 Harkken@sshookman],,*,,*,Electric Shot,Pn.2zr0it1,Power,,-17.1173,0
17:10:04:22:24:09.5::Harkken,P[511693318@23789296 Harkken@sshookman],,*,,*,Electric Shot,Pn.Atk1ys1,Power,,-11.9821,0
17:10:04:22:24:09.5::Harkken,P[511693318@23789296 Harkken@sshookman],,*,Target Dummy,C[278516 Entity_Targetdummy],Electric Shot,Pn.Atk1ys1,Physical,,509.293,0
17:10:04:22:24:10.5::,,,,Edgar Soldshort,P[511744898@25109815 Edgar Soldshort@hekto#1782],Town,Pn.60x6zt,HitPoints,,-85.5142,0
17:10:04:22:24:10.5::Harkken,P[511693318@23789296 Harkken@sshookman],,*,,*,Electric Shot,Pn.6e618t1,Power,,-11.9821,0
17:10:04:22:24:10.5::Harkken,P[511693318@23789296 Harkken@sshookman],,*,Target Dummy,C[278516 Entity_Targetdummy],Electric Shot,Pn.6e618t1,Physical,,509.496,0
17:10:04:22:24:11.3::Harkken,P[511693318@23789296 Harkken@sshookman],,*,,*,Electric Shot,Pn.2zr0it1,Power,,-17.1173,0
17:10:04:22:24:11.3::Harkken,P[511693318@23789296 Harkken@sshookman],,*,Target Dummy,C[278516 Entity_Targetdummy],Electric Shot,Pn.2zr0it1,Physical,,771.584,0
17:10:04:22:24:12.5::Harkken,P[511693318@23789296 Harkken@sshookman],,*,,*,Electric Shot,Pn.Atk1ys1,Power,,-11.9821,0
17:10:04:22:24:12.5::Harkken,P[511693318@23789296 Harkken@sshookman],,*,Target Dummy,C[278516 Entity_Targetdummy],Electric Shot,Pn.Atk1ys1,Physical,,485.588,0
17:10:04:22:24:13.3::Harkken,P[511693318@23789296 Harkken@sshookman],,*,Target Dummy,C[278516 Entity_Targetdummy],Electric Shot,Pn.6e618t1,Physical,,555.896,0
17:10:04:22:24:13.4::Harkken,P[511693318@23789296 Harkken@sshookman],,*,,*,Electric Shot,Pn.6e618t1,Power,,-11.9821,0
17:10:04:22:24:14.2::Harkken,P[511693318@23789296 Harkken@sshookman],,*,Target Dummy,C[278516 Entity_Targetdummy],Electric Shot,Pn.2zr0it1,Physical,,814.611,0
17:10:04:22:24:14.3::Harkken,P[511693318@23789296 Harkken@sshookman],,*,,*,Electric Shot,Pn.2zr0it1,Power,,-17.1173,0
17:10:04:22:24:15.5::Harkken,P[511693318@23789296 Harkken@sshookman],,*,Target Dummy,C[278516 Entity_Targetdummy],Electric Shot,Pn.Atk1ys1,Physical,,500.277,0
17:10:04:22:24:15.6::Harkken,P[511693318@23789296 Harkken@sshookman],,*,,*,Electric Shot,Pn.Atk1ys1,Power,,-11.9821,0
17:10:04:22:24:16.4::Harkken,P[511693318@23789296 Harkken@sshookman],,*,Target Dummy,C[278516 Entity_Targetdummy],Electric Shot,Pn.6e618t1,Physical,,522.658,0
17:10:04:22:24:16.5::Harkken,P[511693318@23789296 Harkken@sshookman],,*,,*,Electric Shot,Pn.6e618t1,Power,,-11.9821,0
17:10:04:22:24:17.4::Harkken,P[511693318@23789296 Harkken@sshookman],,*,,*,Electric Shot,Pn.2zr0it1,Power,,-17.1173,0
17:10:04:22:24:17.4::Harkken,P[511693318@23789296 Harkken@sshookman],,*,Target Dummy,C[278516 Entity_Targetdummy],Electric Shot,Pn.2zr0it1,Physical,,832.523,0
17:10:04:22:24:18.6::Harkken,P[511693318@23789296 Harkken@sshookman],,*,,*,Electric Shot,Pn.Atk1ys1,Power,,-11.9821,0
17:10:04:22:24:18.6::Harkken,P[511693318@23789296 Harkken@sshookman],,*,Target Dummy,C[278516 Entity_Targetdummy],Electric Shot,Pn.Atk1ys1,Physical,,547.462,0
17:10:04:22:24:19.5::Harkken,P[511693318@23789296 Harkken@sshookman],,*,,*,Electric Shot,Pn.6e618t1,Power,,-11.9821,0
17:10:04:22:24:19.5::Harkken,P[511693318@23789296 Harkken@sshookman],,*,Target Dummy,C[278516 Entity_Targetdummy],Electric Shot,Pn.6e618t1,Physical,Critical,912.152,0
17:10:04:22:24:19.5::Harkken,P[511693318@23789296 Harkken@sshookman],,*,Target Dummy,C[278516 Entity_Targetdummy],Longshot,Pn.6hn0so1,Physical,,208.37,0
17:10:04:22:24:20.3::Harkken,P[511693318@23789296 Harkken@sshookman],,*,Target Dummy,C[278516 Entity_Targetdummy],Electric Shot,Pn.2zr0it1,Physical,Critical,1441.93,0
17:10:04:22:24:20.3::Harkken,P[511693318@23789296 Harkken@sshookman],,*,Target Dummy,C[278516 Entity_Targetdummy],Longshot,Pn.6hn0so1,Physical,,193.257,0
17:10:04:22:24:20.4::Harkken,P[511693318@23789296 Harkken@sshookman],,*,,*,Electric Shot,Pn.2zr0it1,Power,,-17.1173,0
17:10:04:22:24:21.5::Harkken,P[511693318@23789296 Harkken@sshookman],,*,Target Dummy,C[278516 Entity_Targetdummy],Electric Shot,Pn.Atk1ys1,Physical,,526.345,0
17:10:04:22:24:21.6::Harkken,P[511693318@23789296 Harkken@sshookman],,*,,*,Electric Shot,Pn.Atk1ys1,Power,,-11.9821,0
17:10:04:22:24:22.3::Harkken,P[511693318@23789296 Harkken@sshookman],,*,Target Dummy,C[278516 Entity_Targetdummy],Electric Shot,Pn.6e618t1,Physical,,483.663,0
17:10:04:22:24:22.4::Harkken,P[511693318@23789296 Harkken@sshookman],,*,,*,Electric Shot,Pn.6e618t1,Power,,-11.9821,0
17:10:04:22:24:23.2::Harkken,P[511693318@23789296 Harkken@sshookman],,*,Target Dummy,C[278516 Entity_Targetdummy],Electric Shot,Pn.2zr0it1,Physical,Critical,1294.93,0
17:10:04:22:24:23.2::Harkken,P[511693318@23789296 Harkken@sshookman],,*,Target Dummy,C[278516 Entity_Targetdummy],Longshot,Pn.6hn0so1,Physical,,196.581,0
17:10:04:22:24:23.3::Harkken,P[511693318@23789296 Harkken@sshookman],,*,,*,Electric Shot,Pn.2zr0it1,Power,,-17.1173,0
17:10:04:22:24:24.5::Harkken,P[511693318@23789296 Harkken@sshookman],,*,,*,Electric Shot,Pn.Atk1ys1,Power,,-11.9821,0
17:10:04:22:24:24.5::Harkken,P[511693318@23789296 Harkken@sshookman],,*,Target Dummy,C[278516 Entity_Targetdummy],Electric Shot,Pn.Atk1ys1,Physical,,514.449,0
17:10:04:22:24:25.3::Harkken,P[511693318@23789296 Harkken@sshookman],,*,Target Dummy,C[278516 Entity_Targetdummy],Electric Shot,Pn.2zr0it1,Physical,,771.659,0
17:10:04:22:24:25.4::Harkken,P[511693318@23789296 Harkken@sshookman],,*,,*,Electric Shot,Pn.2zr0it1,Power,,-17.1173,0
17:10:04:22:24:26.5::Harkken,P[511693318@23789296 Harkken@sshookman],,*,,*,Electric Shot,Pn.Atk1ys1,Power,,-11.9821,0
17:10:04:22:24:26.5::Harkken,P[511693318@23789296 Harkken@sshookman],,*,Target Dummy,C[278516 Entity_Targetdummy],Electric Shot,Pn.Atk1ys1,Physical,,494.007,0
17:10:04:22:24:27.3::Harkken,P[511693318@23789296 Harkken@sshookman],,*,Target Dummy,C[278516 Entity_Targetdummy],Electric Shot,Pn.6e618t1,Physical,Critical,884.665,0
17:10:04:22:24:27.3::Harkken,P[511693318@23789296 Harkken@sshookman],,*,Target Dummy,C[278516 Entity_Targetdummy],Longshot,Pn.6hn0so1,Physical,,216.046,0
17:10:04:22:24:27.4::Harkken,P[511693318@23789296 Harkken@sshookman],,*,,*,Electric Shot,Pn.6e618t1,Power,,-11.9821,0
17:10:04:22:24:28.2::Harkken,P[511693318@23789296 Harkken@sshookman],,*,Target Dummy,C[278516 Entity_Targetdummy],Electric Shot,Pn.2zr0it1,Physical,,722.681,0
17:10:04:22:24:28.3::Harkken,P[511693318@23789296 Harkken@sshookman],,*,,*,Electric Shot,Pn.2zr0it1,Power,,-17.1173,0
17:10:04:22:24:29.4::Harkken,P[511693318@23789296 Harkken@sshookman],,*,Target Dummy,C[278516 Entity_Targetdummy],Electric Shot,Pn.Atk1ys1,Physical,Critical,977.345,0
17:10:04:22:24:29.4::Harkken,P[511693318@23789296 Harkken@sshookman],,*,Target Dummy,C[278516 Entity_Targetdummy],Longshot,Pn.6hn0so1,Physical,,206.411,0
17:10:04:22:24:29.5::Harkken,P[511693318@23789296 Harkken@sshookman],,*,,*,Electric Shot,Pn.Atk1ys1,Power,,-11.9821,0
17:10:04:22:24:30.3::Harkken,P[511693318@23789296 Harkken@sshookman],,*,Target Dummy,C[278516 Entity_Targetdummy],Electric Shot,Pn.6e618t1,Physical,,512.911,0
17:10:04:22:24:30.4::Harkken,P[511693318@23789296 Harkken@sshookman],,*,,*,Electric Shot,Pn.6e618t1,Power,,-11.9821,0
17:10:04:22:24:31.2::Harkken,P[511693318@23789296 Harkken@sshookman],,*,,*,Electric Shot,Pn.2zr0it1,Power,,-17.1173,0
17:10:04:22:24:31.3::Harkken,P[511693318@23789296 Harkken@sshookman],,*,Target Dummy,C[278516 Entity_Targetdummy],Electric Shot,Pn.2zr0it1,Physical,,819.172,0
17:10:04:22:24:32.3::Harkken,P[511693318@23789296 Harkken@sshookman],,*,Target Dummy,C[278516 Entity_Targetdummy],Electric Shot,Pn.Atk1ys1,Physical,,511.295,0
17:10:04:22:24:32.5::Harkken,P[511693318@23789296 Harkken@sshookman],,*,,*,Electric Shot,Pn.Atk1ys1,Power,,-11.9821,0
17:10:04:22:24:33.2::Harkken,P[511693318@23789296 Harkken@sshookman],,*,Target Dummy,C[278516 Entity_Targetdummy],Electric Shot,Pn.6e618t1,Physical,,514.977,0
17:10:04:22:24:33.3::Harkken,P[511693318@23789296 Harkken@sshookman],,*,,*,Electric Shot,Pn.6e618t1,Power,,-11.9821,0
17:10:04:22:24:34.2::Harkken,P[511693318@23789296 Harkken@sshookman],,*,,*,Electric Shot,Pn.2zr0it1,Power,,-17.1173,0
17:10:04:22:24:34.2::Harkken,P[511693318@23789296 Harkken@sshookman],,*,Target Dummy,C[278516 Entity_Targetdummy],Electric Shot,Pn.2zr0it1,Physical,,767.625,0
17:10:04:22:24:35.6::Harkken,P[511693318@23789296 Harkken@sshookman],,*,,*,Electric Shot,Pn.Atk1ys1,Power,,-11.9821,0
17:10:04:22:24:35.6::Harkken,P[511693318@23789296 Harkken@sshookman],,*,Target Dummy,C[278516 Entity_Targetdummy],Electric Shot,Pn.Atk1ys1,Physical,,501.675,0
17:10:04:22:24:36.5::Harkken,P[511693318@23789296 Harkken@sshookman],,*,,*,Electric Shot,Pn.6e618t1,Power,,-11.9821,0
17:10:04:22:24:36.5::Harkken,P[511693318@23789296 Harkken@sshookman],,*,Target Dummy,C[278516 Entity_Targetdummy],Electric Shot,Pn.6e618t1,Physical,,486.566,0
17:10:04:22:24:37.4::Harkken,P[511693318@23789296 Harkken@sshookman],,*,Target Dummy,C[278516 Entity_Targetdummy],Electric Shot,Pn.2zr0it1,Physical,Critical,1279.43,0
17:10:04:22:24:37.4::Harkken,P[511693318@23789296 Harkken@sshookman],,*,Target Dummy,C[278516 Entity_Targetdummy],Longshot,Pn.6hn0so1,Physical,,218.561,0
17:10:04:22:24:37.5::Harkken,P[511693318@23789296 Harkken@sshookman],,*,,*,Electric Shot,Pn.2zr0it1,Power,,-17.1173,0
17:10:04:22:24:38.5::Harkken,P[511693318@23789296 Harkken@sshookman],,*,Target Dummy,C[278516 Entity_Targetdummy],Electric Shot,Pn.Atk1ys1,Physical,,561.916,0
17:10:04:22:24:38.6::Harkken,P[511693318@23789296 Harkken@sshookman],,*,,*,Electric Shot,Pn.Atk1ys1,Power,,-11.9821,0
17:10:04:22:24:39.3::Harkken,P[511693318@23789296 Harkken@sshookman],,*,Target Dummy,C[278516 Entity_Targetdummy],Electric Shot,Pn.2zr0it1,Physical,,730.085,0
17:10:04:22:24:39.5::Harkken,P[511693318@23789296 Harkken@sshookman],,*,,*,Electric Shot,Pn.2zr0it1,Power,,-17.1173,0
17:10:04:22:24:40.6::Harkken,P[511693318@23789296 Harkken@sshookman],,*,Target Dummy,C[278516 Entity_Targetdummy],Electric Shot,Pn.Atk1ys1,Physical,,519.473,0
17:10:04:22:24:40.8::Harkken,P[511693318@23789296 Harkken@sshookman],,*,,*,Electric Shot,Pn.Atk1ys1,Power,,-11.9821,0
17:10:04:22:24:41.6::Harkken,P[511693318@23789296 Harkken@sshookman],,*,Target Dummy,C[278516 Entity_Targetdummy],Electric Shot,Pn.6e618t1,Physical,,501.894,0
17:10:04:22:24:41.8::Harkken,P[511693318@23789296 Harkken@sshookman],,*,,*,Electric Shot,Pn.6e618t1,Power,,-11.9821,0
17:10:04:22:24:42.6::Harkken,P[511693318@23789296 Harkken@sshookman],,*,Target Dummy,C[278516 Entity_Targetdummy],Electric Shot,Pn.2zr0it1,Physical,,838.059,0
17:10:04:22:24:42.7::Harkken,P[511693318@23789296 Harkken@sshookman],,*,,*,Electric Shot,Pn.2zr0it1,Power,,-17.1173,0
17:10:04:22:24:43.7::Harkken,P[511693318@23789296 Harkken@sshookman],,*,Target Dummy,C[278516 Entity_Targetdummy],Electric Shot,Pn.Atk1ys1,Physical,,504.564,0
17:10:04:22:24:44.0::Harkken,P[511693318@23789296 Harkken@sshookman],,*,,*,Electric Shot,Pn.Atk1ys1,Power,,-11.9821,0
17:10:04:22:24:44.8::Harkken,P[511693318@23789296 Harkken@sshookman],,*,,*,Electric Shot,Pn.6e618t1,Power,,-11.9821,0
17:10:04:22:24:44.8::Harkken,P[511693318@23789296 Harkken@sshookman],,*,Target Dummy,C[278516 Entity_Targetdummy],Electric Shot,Pn.6e618t1,Physical,,497.676,0
17:10:04:22:24:45.5::Harkken,P[511693318@23789296 Harkken@sshookman],,*,Target Dummy,C[278516 Entity_Targetdummy],Electric Shot,Pn.2zr0it1,Physical,,803.087,0
17:10:04:22:24:45.6::Harkken,P[511693318@23789296 Harkken@sshookman],,*,,*,Electric Shot,Pn.2zr0it1,Power,,-17.1173,0
17:10:04:22:24:46.8::Harkken,P[511693318@23789296 Harkken@sshookman],,*,,*,Electric Shot,Pn.Atk1ys1,Power,,-11.9821,0
17:10:04:22:24:46.8::Harkken,P[511693318@23789296 Harkken@sshookman],,*,Target Dummy,C[278516 Entity_Targetdummy],Electric Shot,Pn.Atk1ys1,Physical,Critical,867.286,0
17:10:04:22:24:46.8::Harkken,P[511693318@23789296 Harkken@sshookman],,*,Target Dummy,C[278516 Entity_Targetdummy],Longshot,Pn.6hn0so1,Physical,,197.025,0
17:10:04:22:24:47.6::Harkken,P[511693318@23789296 Harkken@sshookman],,*,Target Dummy,C[278516 Entity_Targetdummy],Electric Shot,Pn.6e618t1,Physical,,512.554,0
17:10:04:22:24:47.7::Harkken,P[511693318@23789296 Harkken@sshookman],,*,,*,Electric Shot,Pn.6e618t1,Power,,-11.9821,0
17:10:04:22:24:48.4::Harkken,P[511693318@23789296 Harkken@sshookman],,*,Target Dummy,C[278516 Entity_Targetdummy],Electric Shot,Pn.2zr0it1,Physical,,828.917,0
17:10:04:22:24:48.5::Harkken,P[511693318@23789296 Harkken@sshookman],,*,,*,Electric Shot,Pn.2zr0it1,Power,,-17.1173,0
17:10:04:22:24:49.7::Harkken,P[511693318@23789296 Harkken@sshookman],,*,,*,Electric Shot,Pn.Atk1ys1,Power,,-11.9821,0
17:10:04:22:24:49.7::Harkken,P[511693318@23789296 Harkken@sshookman],,*,Target Dummy,C[278516 Entity_Targetdummy],Electric Shot,Pn.Atk1ys1,Physical,Critical,977.804,0
17:10:04:22:24:49.7::Harkken,P[511693318@23789296 Harkken@sshookman],,*,Target Dummy,C[278516 Entity_Targetdummy],Longshot,Pn.6hn0so1,Physical,,220.039,0
17:10:04:22:24:50.5::Harkken,P[511693318@23789296 Harkken@sshookman],,*,Target Dummy,C[278516 Entity_Targetdummy],Electric Shot,Pn.6e618t1,Physical,,500.149,0
17:10:04:22:24:50.6::Harkken,P[511693318@23789296 Harkken@sshookman],,*,,*,Electric Shot,Pn.6e618t1,Power,,-11.9821,0
17:10:04:22:24:51.4::Harkken,P[511693318@23789296 Harkken@sshookman],,*,Target Dummy,C[278516 Entity_Targetdummy],Electric Shot,Pn.2zr0it1,Physical,,731.898,0
17:10:04:22:24:51.5::Harkken,P[511693318@23789296 Harkken@sshookman],,*,,*,Electric Shot,Pn.2zr0it1,Power,,-17.1173,0
17:10:04:22:24:52.7::Harkken,P[511693318@23789296 Harkken@sshookman],,*,,*,Electric Shot,Pn.Atk1ys1,Power,,-11.9821,0
17:10:04:22:24:52.7::Harkken,P[511693318@23789296 Harkken@sshookman],,*,Target Dummy,C[278516 Entity_Targetdummy],Electric Shot,Pn.Atk1ys1,Physical,Critical,926.68,0
17:10:04:22:24:52.7::Harkken,P[511693318@23789296 Harkken@sshookman],,*,Target Dummy,C[278516 Entity_Targetdummy],Longshot,Pn.6hn0so1,Physical,,215.551,0
17:10:04:22:24:53.5::Harkken,P[511693318@23789296 Harkken@sshookman],,*,Target Dummy,C[278516 Entity_Targetdummy],Electric Shot,Pn.2zr0it1,Physical,,729.402,0
17:10:04:22:24:53.6::Harkken,P[511693318@23789296 Harkken@sshookman],,*,,*,Electric Shot,Pn.2zr0it1,Power,,-17.1173,0
17:10:04:22:24:54.7::Harkken,P[511693318@23789296 Harkken@sshookman],,*,,*,Electric Shot,Pn.Atk1ys1,Power,,-11.9821,0
17:10:04:22:24:54.7::Harkken,P[511693318@23789296 Harkken@sshookman],,*,Target Dummy,C[278516 Entity_Targetdummy],Electric Shot,Pn.Atk1ys1,Physical,,545.084,0
17:10:04:22:24:55.6::Harkken,P[511693318@23789296 Harkken@sshookman],,*,,*,Electric Shot,Pn.6e618t1,Power,,-11.9821,0
17:10:04:22:24:55.6::Harkken,P[511693318@23789296 Harkken@sshookman],,*,Target Dummy,C[278516 Entity_Targetdummy],Electric Shot,Pn.6e618t1,Physical,Critical,894.807,0
17:10:04:22:24:55.6::Harkken,P[511693318@23789296 Harkken@sshookman],,*,Target Dummy,C[278516 Entity_Targetdummy],Longshot,Pn.6hn0so1,Physical,,189.619,0
17:10:04:22:24:56.5::Harkken,P[511693318@23789296 Harkken@sshookman],,*,,*,Electric Shot,Pn.2zr0it1,Power,,-17.1173,0
17:10:04:22:24:56.5::Harkken,P[511693318@23789296 Harkken@sshookman],,*,Target Dummy,C[278516 Entity_Targetdummy],Electric Shot,Pn.2zr0it1,Physical,,780.198,0
17:10:04:22:24:57.6::Harkken,P[511693318@23789296 Harkken@sshookman],,*,,*,Electric Shot,Pn.Atk1ys1,Power,,-11.9821,0
17:10:04:22:24:57.6::Harkken,P[511693318@23789296 Harkken@sshookman],,*,Target Dummy,C[278516 Entity_Targetdummy],Electric Shot,Pn.Atk1ys1,Physical,,545.024,0
17:10:04:22:24:58.4::Harkken,P[511693318@23789296 Harkken@sshookman],,*,Target Dummy,C[278516 Entity_Targetdummy],Electric Shot,Pn.6e618t1,Physical,,488.83,0
17:10:04:22:24:58.5::Harkken,P[511693318@23789296 Harkken@sshookman],,*,,*,Electric Shot,Pn.6e618t1,Power,,-11.9821,0
17:10:04:22:24:59.3::Harkken,P[511693318@23789296 Harkken@sshookman],,*,Target Dummy,C[278516 Entity_Targetdummy],Electric Shot,Pn.2zr0it1,Physical,,777.928,0
17:10:04:22:24:59.4::Harkken,P[511693318@23789296 Harkken@sshookman],,*,,*,Electric Shot,Pn.2zr0it1,Power,,-17.1173,0
17:10:04:22:25:00.5::Harkken,P[511693318@23789296 Harkken@sshookman],,*,Target Dummy,C[278516 Entity_Targetdummy],Electric Shot,Pn.Atk1ys1,Physical,,537.024,0
17:10:04:22:25:00.6::Harkken,P[511693318@23789296 Harkken@sshookman],,*,,*,Electric Shot,Pn.Atk1ys1,Power,,-11.9821,0
17:10:04:22:25:01.4::Harkken,P[511693318@23789296 Harkken@sshookman],,*,Target Dummy,C[278516 Entity_Targetdummy],Electric Shot,Pn.6e618t1,Physical,,560.38,0
17:10:04:22:25:01.5::Harkken,P[511693318@23789296 Harkken@sshookman],,*,,*,Electric Shot,Pn.6e618t1,Power,,-11.9821,0
17:10:04:22:25:02.4::Harkken,P[511693318@23789296 Harkken@sshookman],,*,,*,Electric Shot,Pn.2zr0it1,Power,,-17.1173,0
17:10:04:22:25:02.4::Harkken,P[511693318@23789296 Harkken@sshookman],,*,Target Dummy,C[278516 Entity_Targetdummy],Electric Shot,Pn.2zr0it1,Physical,,792.309,0
17:10:04:22:25:03.5::Harkken,P[511693318@23789296 Harkken@sshookman],,*,Target Dummy,C[278516 Entity_Targetdummy],Electric Shot,Pn.Atk1ys1,Physical,,527.97,0
17:10:04:22:25:03.6::Harkken,P[511693318@23789296 Harkken@sshookman],,*,,*,Electric Shot,Pn.Atk1ys1,Power,,-11.9821,0
17:10:04:22:25:04.4::Harkken,P[511693318@23789296 Harkken@sshookman],,*,,*,Electric Shot,Pn.6e618t1,Power,,-11.9821,0
17:10:04:22:25:04.4::Harkken,P[511693318@23789296 Harkken@sshookman],,*,Target Dummy,C[278516 Entity_Targetdummy],Electric Shot,Pn.6e618t1,Physical,,544.969,0
17:10:04:22:25:05.4::Harkken,P[511693318@23789296 Harkken@sshookman],,*,,*,Electric Shot,Pn.2zr0it1,Power,,-17.1173,0
17:10:04:22:25:05.4::Harkken,P[511693318@23789296 Harkken@sshookman],,*,Target Dummy,C[278516 Entity_Targetdummy],Electric Shot,Pn.2zr0it1,Physical,,741.716,0
17:10:04:22:25:06.6::Harkken,P[511693318@23789296 Harkken@sshookman],,*,Target Dummy,C[278516 Entity_Targetdummy],Electric Shot,Pn.Atk1ys1,Physical,,482.001,0
17:10:04:22:25:06.8::Harkken,P[511693318@23789296 Harkken@sshookman],,*,,*,Electric Shot,Pn.Atk1ys1,Power,,-11.9821,0
17:10:04:22:25:07.3::Harkken,P[511693318@23789296 Harkken@sshookman],,*,Target Dummy,C[278516 Entity_Targetdummy],Electric Shot,Pn.6e618t1,Physical,,484.145,0
17:10:04:22:25:07.4::Harkken,P[511693318@23789296 Harkken@sshookman],,*,,*,Electric Shot,Pn.6e618t1,Power,,-11.9821,0
17:10:04:22:25:08.2::Harkken,P[511693318@23789296 Harkken@sshookman],,*,,*,Electric Shot,Pn.2zr0it1,Power,,-17.1173,0
17:10:04:22:25:08.3::Harkken,P[511693318@23789296 Harkken@sshookman],,*,Target Dummy,C[278516 Entity_Targetdummy],Electric Shot,Pn.2zr0it1,Physical,,789.084,0
17:10:04:22:25:09.3::Harkken,P[511693318@23789296 Harkken@sshookman],,*,Target Dummy,C[278516 Entity_Targetdummy],Electric Shot,Pn.Atk1ys1,Physical,,479.696,0
17:10:04:22:25:09.4::Harkken,P[511693318@23789296 Harkken@sshookman],,*,,*,Electric Shot,Pn.Atk1ys1,Power,,-11.9821,0
17:10:04:22:25:10.3::Harkken,P[511693318@23789296 Harkken@sshookman],,*,Target Dummy,C[278516 Entity_Targetdummy],Electric Shot,Pn.6e618t1,Physical,,480.599,0
17:10:04:22:25:10.4::Harkken,P[511693318@23789296 Harkken@sshookman],,*,,*,Electric Shot,Pn.6e618t1,Power,,-11.9821,0
17:10:04:22:25:11.2::Harkken,P[511693318@23789296 Harkken@sshookman],,*,,*,Electric Shot,Pn.2zr0it1,Power,,-17.1173,0
17:10:04:22:25:11.2::Harkken,P[511693318@23789296 Harkken@sshookman],,*,Target Dummy,C[278516 Entity_Targetdummy],Electric Shot,Pn.2zr0it1,Physical,,789.033,0
17:10:04:22:25:12.3::Harkken,P[511693318@23789296 Harkken@sshookman],,*,Target Dummy,C[278516 Entity_Targetdummy],Electric Shot,Pn.Atk1ys1,Physical,,523,0
17:10:04:22:25:12.4::Harkken,P[511693318@23789296 Harkken@sshookman],,*,,*,Electric Shot,Pn.Atk1ys1,Power,,-11.9821,0
17:10:04:22:25:13.2::Harkken,P[511693318@23789296 Harkken@sshookman],,*,,*,Electric Shot,Pn.6e618t1,Power,,-11.9821,0
17:10:04:22:25:13.2::Harkken,P[511693318@23789296 Harkken@sshookman],,*,Target Dummy,C[278516 Entity_Targetdummy],Electric Shot,Pn.6e618t1,Physical,,546.028,0
17:10:04:22:25:14.0::Harkken,P[511693318@23789296 Harkken@sshookman],,*,Target Dummy,C[278516 Entity_Targetdummy],Electric Shot,Pn.2zr0it1,Physical,,800.792,0
17:10:04:22:25:14.1::Harkken,P[511693318@23789296 Harkken@sshookman],,*,,*,Electric Shot,Pn.2zr0it1,Power,,-17.1173,0
17:10:04:22:25:15.7::Harkken,P[511693318@23789296 Harkken@sshookman],,*,,*,Electric Shot,Pn.Atk1ys1,Power,,-11.9821,0
17:10:04:22:25:15.7::Harkken,P[511693318@23789296 Harkken@sshookman],,*,Target Dummy,C[278516 Entity_Targetdummy],Electric Shot,Pn.Atk1ys1,Physical,,506.849,0
17:10:04:22:25:16.3::Harkken,P[511693318@23789296 Harkken@sshookman],,*,Target Dummy,C[278516 Entity_Targetdummy],Electric Shot,Pn.2zr0it1,Physical,Critical,1445.3,0
17:10:04:22:25:16.3::Harkken,P[511693318@23789296 Harkken@sshookman],,*,Target Dummy,C[278516 Entity_Targetdummy],Longshot,Pn.6hn0so1,Physical,,208.532,0
17:10:04:22:25:16.4::Harkken,P[511693318@23789296 Harkken@sshookman],,*,,*,Electric Shot,Pn.2zr0it1,Power,,-17.1173,0
17:10:04:22:25:17.5::Harkken,P[511693318@23789296 Harkken@sshookman],,*,Target Dummy,C[278516 Entity_Targetdummy],Electric Shot,Pn.Atk1ys1,Physical,,524.367,0
17:10:04:22:25:17.6::Harkken,P[511693318@23789296 Harkken@sshookman],,*,,*,Electric Shot,Pn.Atk1ys1,Power,,-11.9821,0
17:10:04:22:25:18.3::Harkken,P[511693318@23789296 Harkken@sshookman],,*,Target Dummy,C[278516 Entity_Targetdummy],Electric Shot,Pn.6e618t1,Physical,,486.413,0
17:10:04:22:25:18.5::Harkken,P[511693318@23789296 Harkken@sshookman],,*,,*,Electric Shot,Pn.6e618t1,Power,,-11.9821,0
17:10:04:22:25:19.1::Harkken,P[511693318@23789296 Harkken@sshookman],,*,Target Dummy,C[278516 Entity_Targetdummy],Electric Shot,Pn.2zr0it1,Physical,,779.053,0
17:10:04:22:25:19.2::Harkken,P[511693318@23789296 Harkken@sshookman],,*,,*,Electric Shot,Pn.2zr0it1,Power,,-17.1173,0
17:10:04:22:25:20.4::Harkken,P[511693318@23789296 Harkken@sshookman],,*,,*,Electric Shot,Pn.Atk1ys1,Power,,-11.9821,0
17:10:04:22:25:20.4::Harkken,P[511693318@23789296 Harkken@sshookman],,*,Target Dummy,C[278516 Entity_Targetdummy],Electric Shot,Pn.Atk1ys1,Physical,,560.026,0
17:10:04:22:25:21.4::Harkken,P[511693318@23789296 Harkken@sshookman],,*,Target Dummy,C[278516 Entity_Targetdummy],Electric Shot,Pn.6e618t1,Physical,,547.409,0
17:10:04:22:25:21.9::Harkken,P[511693318@23789296 Harkken@sshookman],,*,,*,Electric Shot,Pn.6e618t1,Power,,-11.9821,0
17:10:04:22:25:23.4::Harkken,P[511693318@23789296 Harkken@sshookman],,*,Target Dummy,C[278516 Entity_Targetdummy],Electric Shot,Pn.2zr0it1,Physical,,727.857,0
17:10:04:22:25:23.5::Harkken,P[511693318@23789296 Harkken@sshookman],,*,,*,Electric Shot,Pn.2zr0it1,Power,,-17.1173,0
17:10:04:22:25:24.2::Harkken,P[511693318@23789296 Harkken@sshookman],,*,,*,Electric Shot,Pn.Atk1ys1,Power,,-11.9821,0
17:10:04:22:25:24.3::Harkken,P[511693318@23789296 Harkken@sshookman],,*,Target Dummy,C[278516 Entity_Targetdummy],Electric Shot,Pn.Atk1ys1,Physical,,523.321,0
17:10:04:22:25:25.2::Harkken,P[511693318@23789296 Harkken@sshookman],,*,,*,Electric Shot,Pn.2zr0it1,Power,,-17.1173,0
17:10:04:22:25:25.2::Harkken,P[511693318@23789296 Harkken@sshookman],,*,Target Dummy,C[278516 Entity_Targetdummy],Electric Shot,Pn.2zr0it1,Physical,,767.393,0
17:10:04:22:25:26.2::Harkken,P[511693318@23789296 Harkken@sshookman],,*,Target Dummy,C[278516 Entity_Targetdummy],Electric Shot,Pn.Atk1ys1,Physical,,541.497,0
17:10:04:22:25:26.3::Harkken,P[511693318@23789296 Harkken@sshookman],,*,,*,Electric Shot,Pn.Atk1ys1,Power,,-11.9821,0
17:10:04:22:25:27.2::Harkken,P[511693318@23789296 Harkken@sshookman],,*,,*,Electric Shot,Pn.6e618t1,Power,,-11.9821,0
17:10:04:22:25:27.2::Harkken,P[511693318@23789296 Harkken@sshookman],,*,Target Dummy,C[278516 Entity_Targetdummy],Electric Shot,Pn.6e618t1,Physical,,551.818,0
17:10:04:22:25:28.2::Harkken,P[511693318@23789296 Harkken@sshookman],,*,,*,Electric Shot,Pn.2zr0it1,Power,,-17.1173,0
17:10:04:22:25:28.2::Harkken,P[511693318@23789296 Harkken@sshookman],,*,Target Dummy,C[278516 Entity_Targetdummy],Electric Shot,Pn.2zr0it1,Physical,,796.889,0
17:10:04:22:25:29.2::Harkken,P[511693318@23789296 Harkken@sshookman],,*,,*,Electric Shot,Pn.Atk1ys1,Power,,-11.9821,0
17:10:04:22:25:29.3::Harkken,P[511693318@23789296 Harkken@sshookman],,*,Target Dummy,C[278516 Entity_Targetdummy],Electric Shot,Pn.Atk1ys1,Physical,,505.49,0
17:10:04:22:25:30.1::Harkken,P[511693318@23789296 Harkken@sshookman],,*,,*,Electric Shot,Pn.6e618t1,Power,,-11.9821,0
17:10:04:22:25:30.1::Harkken,P[511693318@23789296 Harkken@sshookman],,*,Target Dummy,C[278516 Entity_Targetdummy],Electric Shot,Pn.6e618t1,Physical,,550.013,0
17:10:04:22:25:30.9::Harkken,P[511693318@23789296 Harkken@sshookman],,*,Target Dummy,C[278516 Entity_Targetdummy],Electric Shot,Pn.2zr0it1,Physical,Critical,1471.23,0
17:10:04:22:25:30.9::Harkken,P[511693318@23789296 Harkken@sshookman],,*,Target Dummy,C[278516 Entity_Targetdummy],Longshot,Pn.6hn0so1,Physical,,225.333,0
17:10:04:22:25:31.0::Harkken,P[511693318@23789296 Harkken@sshookman],,*,,*,Electric Shot,Pn.2zr0it1,Power,,-17.1173,0
17:10:04:22:25:32.3::Harkken,P[511693318@23789296 Harkken@sshookman],,*,,*,Electric Shot,Pn.Atk1ys1,Power,,-11.9821,0
17:10:04:22:25:32.4::Harkken,P[511693318@23789296 Harkken@sshookman],,*,Target Dummy,C[278516 Entity_Targetdummy],Electric Shot,Pn.Atk1ys1,Physical,,552.181,0
17:10:04:22:25:33.2::Harkken,P[511693318@23789296 Harkken@sshookman],,*,,*,Electric Shot,Pn.2zr0it1,Power,,-17.1173,0
17:10:04:22:25:33.2::Harkken,P[511693318@23789296 Harkken@sshookman],,*,Target Dummy,C[278516 Entity_Targetdummy],Electric Shot,Pn.2zr0it1,Physical,,829.973,0
17:10:04:22:25:34.4::Harkken,P[511693318@23789296 Harkken@sshookman],,*,,*,Electric Shot,Pn.Atk1ys1,Power,,-11.9821,0
17:10:04:22:25:34.4::Harkken,P[511693318@23789296 Harkken@sshookman],,*,Target Dummy,C[278516 Entity_Targetdummy],Electric Shot,Pn.Atk1ys1,Physical,,523.48,0
17:10:04:22:25:35.4::Harkken,P[511693318@23789296 Harkken@sshookman],,*,,*,Electric Shot,Pn.6e618t1,Power,,-11.9821,0
17:10:04:22:25:35.4::Harkken,P[511693318@23789296 Harkken@sshookman],,*,Target Dummy,C[278516 Entity_Targetdummy],Electric Shot,Pn.6e618t1,Physical,,491.417,0
17:10:04:22:25:36.0::Harkken,P[511693318@23789296 Harkken@sshookman],,*,Target Dummy,C[278516 Entity_Targetdummy],Electric Shot,Pn.2zr0it1,Physical,,841.943,0
17:10:04:22:25:36.1::Harkken,P[511693318@23789296 Harkken@sshookman],,*,,*,Electric Shot,Pn.2zr0it1,Power,,-17.1173,0
17:10:04:22:25:37.2::Harkken,P[511693318@23789296 Harkken@sshookman],,*,Target Dummy,C[278516 Entity_Targetdummy],Electric Shot,Pn.Atk1ys1,Physical,,494.126,0
17:10:04:22:25:37.3::Harkken,P[511693318@23789296 Harkken@sshookman],,*,,*,Electric Shot,Pn.Atk1ys1,Power,,-11.9821,0
17:10:04:22:25:38.2::Harkken,P[511693318@23789296 Harkken@sshookman],,*,,*,Electric Shot,Pn.6e618t1,Power,,-11.9821,0
17:10:04:22:25:38.2::Harkken,P[511693318@23789296 Harkken@sshookman],,*,Target Dummy,C[278516 Entity_Targetdummy],Electric Shot,Pn.6e618t1,Physical,,536.457,0
17:10:04:22:25:39.0::Harkken,P[511693318@23789296 Harkken@sshookman],,*,Target Dummy,C[278516 Entity_Targetdummy],Electric Shot,Pn.2zr0it1,Physical,,734.848,0
17:10:04:22:25:39.1::Harkken,P[511693318@23789296 Harkken@sshookman],,*,,*,Electric Shot,Pn.2zr0it1,Power,,-17.1173,0
17:10:04:22:25:40.2::Harkken,P[511693318@23789296 Harkken@sshookman],,*,Target Dummy,C[278516 Entity_Targetdummy],Electric Shot,Pn.Atk1ys1,Physical,,545.853,0
17:10:04:22:25:40.3::Harkken,P[511693318@23789296 Harkken@sshookman],,*,,*,Electric Shot,Pn.Atk1ys1,Power,,-11.9821,0
17:10:04:22:25:41.2::Harkken,P[511693318@23789296 Harkken@sshookman],,*,Target Dummy,C[278516 Entity_Targetdummy],Electric Shot,Pn.6e618t1,Physical,,537.196,0
17:10:04:22:25:41.3::Harkken,P[511693318@23789296 Harkken@sshookman],,*,,*,Electric Shot,Pn.6e618t1,Power,,-11.9821,0
17:10:04:22:25:42.1::Harkken,P[511693318@23789296 Harkken@sshookman],,*,,*,Electric Shot,Pn.2zr0it1,Power,,-17.1173,0
17:10:04:22:25:42.1::Harkken,P[511693318@23789296 Harkken@sshookman],,*,Target Dummy,C[278516 Entity_Targetdummy],Electric Shot,Pn.2zr0it1,Physical,,774.253,0
17:10:04:22:25:43.3::Harkken,P[511693318@23789296 Harkken@sshookman],,*,,*,Electric Shot,Pn.Atk1ys1,Power,,-11.9821,0
17:10:04:22:25:43.3::Harkken,P[511693318@23789296 Harkken@sshookman],,*,Target Dummy,C[278516 Entity_Targetdummy],Electric Shot,Pn.Atk1ys1,Physical,,516.311,0
17:10:04:22:25:44.0::Harkken,P[511693318@23789296 Harkken@sshookman],,*,Target Dummy,C[278516 Entity_Targetdummy],Electric Shot,Pn.6e618t1,Physical,,518.653,0
17:10:04:22:25:44.1::Harkken,P[511693318@23789296 Harkken@sshookman],,*,,*,Electric Shot,Pn.6e618t1,Power,,-11.9821,0
17:10:04:22:25:45.0::Harkken,P[511693318@23789296 Harkken@sshookman],,*,Target Dummy,C[278516 Entity_Targetdummy],Longshot,Pn.6hn0so1,Physical,,195.367,0
17:10:04:22:25:45.0::Harkken,P[511693318@23789296 Harkken@sshookman],,*,Target Dummy,C[278516 Entity_Targetdummy],Electric Shot,Pn.2zr0it1,Physical,Critical,1343.57,0
17:10:04:22:25:45.1::Harkken,P[511693318@23789296 Harkken@sshookman],,*,,*,Electric Shot,Pn.2zr0it1,Power,,-17.1173,0
17:10:04:22:25:46.3::Harkken,P[511693318@23789296 Harkken@sshookman],,*,,*,Electric Shot,Pn.Atk1ys1,Power,,-11.9821,0
17:10:04:22:25:46.3::Harkken,P[511693318@23789296 Harkken@sshookman],,*,Target Dummy,C[278516 Entity_Targetdummy],Electric Shot,Pn.Atk1ys1,Physical,Critical,970.328,0
17:10:04:22:25:46.3::Harkken,P[511693318@23789296 Harkken@sshookman],,*,Target Dummy,C[278516 Entity_Targetdummy],Longshot,Pn.6hn0so1,Physical,,212.413,0
17:10:04:22:25:47.2::Harkken,P[511693318@23789296 Harkken@sshookman],,*,,*,Electric Shot,Pn.6e618t1,Power,,-11.9821,0
17:10:04:22:25:47.2::Harkken,P[511693318@23789296 Harkken@sshookman],,*,Target Dummy,C[278516 Entity_Targetdummy],Electric Shot,Pn.6e618t1,Physical,,500.857,0
17:10:04:22:25:48.0::Harkken,P[511693318@23789296 Harkken@sshookman],,*,Target Dummy,C[278516 Entity_Targetdummy],Electric Shot,Pn.2zr0it1,Physical,,720.669,0
17:10:04:22:25:48.1::Harkken,P[511693318@23789296 Harkken@sshookman],,*,,*,Electric Shot,Pn.2zr0it1,Power,,-17.1173,0
17:10:04:22:25:49.3::Harkken,P[511693318@23789296 Harkken@sshookman],,*,,*,Electric Shot,Pn.Atk1ys1,Power,,-11.9821,0
17:10:04:22:25:49.3::Harkken,P[511693318@23789296 Harkken@sshookman],,*,Target Dummy,C[278516 Entity_Targetdummy],Electric Shot,Pn.Atk1ys1,Physical,,532.206,0
17:10:04:22:25:50.2::Harkken,P[511693318@23789296 Harkken@sshookman],,*,,*,Electric Shot,Pn.2zr0it1,Power,,-17.1173,0
17:10:04:22:25:50.2::Harkken,P[511693318@23789296 Harkken@sshookman],,*,Target Dummy,C[278516 Entity_Targetdummy],Electric Shot,Pn.2zr0it1,Physical,,781.071,0
17:10:04:22:25:51.2::Harkken,P[511693318@23789296 Harkken@sshookman],,*,Target Dummy,C[278516 Entity_Targetdummy],Electric Shot,Pn.Atk1ys1,Physical,,479.679,0
17:10:04:22:25:51.3::Harkken,P[511693318@23789296 Harkken@sshookman],,*,,*,Electric Shot,Pn.Atk1ys1,Power,,-11.9821,0
17:10:04:22:25:52.3::Harkken,P[511693318@23789296 Harkken@sshookman],,*,,*,Electric Shot,Pn.6e618t1,Power,,-11.9821,0
17:10:04:22:25:52.3::Harkken,P[511693318@23789296 Harkken@sshookman],,*,Target Dummy,C[278516 Entity_Targetdummy],Electric Shot,Pn.6e618t1,Physical,,507.422,0
17:10:04:22:25:53.0::Harkken,P[511693318@23789296 Harkken@sshookman],,*,Target Dummy,C[278516 Entity_Targetdummy],Electric Shot,Pn.2zr0it1,Physical,,719.354,0
17:10:04:22:25:53.1::Harkken,P[511693318@23789296 Harkken@sshookman],,*,,*,Electric Shot,Pn.2zr0it1,Power,,-17.1173,0
17:10:04:22:25:54.3::Harkken,P[511693318@23789296 Harkken@sshookman],,*,,*,Electric Shot,Pn.Atk1ys1,Power,,-11.9821,0
17:10:04:22:25:54.3::Harkken,P[511693318@23789296 Harkken@sshookman],,*,Target Dummy,C[278516 Entity_Targetdummy],Electric Shot,Pn.Atk1ys1,Physical,,521.784,0
17:10:04:22:25:55.2::Harkken,P[511693318@23789296 Harkken@sshookman],,*,,*,Electric Shot,Pn.6e618t1,Power,,-11.9821,0
17:10:04:22:25:55.2::Harkken,P[511693318@23789296 Harkken@sshookman],,*,Target Dummy,C[278516 Entity_Targetdummy],Electric Shot,Pn.6e618t1,Physical,Critical,885.243,0
17:10:04:22:25:55.2::Harkken,P[511693318@23789296 Harkken@sshookman],,*,Target Dummy,C[278516 Entity_Targetdummy],Longshot,Pn.6hn0so1,Physical,,188.071,0
17:10:04:22:25:56.0::Harkken,P[511693318@23789296 Harkken@sshookman],,*,Target Dummy,C[278516 Entity_Targetdummy],Electric Shot,Pn.2zr0it1,Physical,,841.92,0
17:10:04:22:25:56.2::Harkken,P[511693318@23789296 Harkken@sshookman],,*,,*,Electric Shot,Pn.2zr0it1,Power,,-17.1173,0
17:10:04:22:25:57.2::Harkken,P[511693318@23789296 Harkken@sshookman],,*,Target Dummy,C[278516 Entity_Targetdummy],Electric Shot,Pn.Atk1ys1,Physical,,498.5,0
17:10:04:22:25:57.3::Harkken,P[511693318@23789296 Harkken@sshookman],,*,,*,Electric Shot,Pn.Atk1ys1,Power,,-11.9821,0
17:10:04:22:25:58.2::Harkken,P[511693318@23789296 Harkken@sshookman],,*,,*,Electric Shot,Pn.6e618t1,Power,,-11.9821,0
17:10:04:22:25:58.2::Harkken,P[511693318@23789296 Harkken@sshookman],,*,Target Dummy,C[278516 Entity_Targetdummy],Electric Shot,Pn.6e618t1,Physical,Critical,944.987,0
17:10:04:22:25:58.2::Harkken,P[511693318@23789296 Harkken@sshookman],,*,Target Dummy,C[278516 Entity_Targetdummy],Longshot,Pn.6hn0so1,Physical,,213.531,0
17:10:04:22:25:58.9::Harkken,P[511693318@23789296 Harkken@sshookman],,*,Target Dummy,C[278516 Entity_Targetdummy],Longshot,Pn.6hn0so1,Physical,,208.143,0
17:10:04:22:25:58.9::Harkken,P[511693318@23789296 Harkken@sshookman],,*,Target Dummy,C[278516 Entity_Targetdummy],Electric Shot,Pn.2zr0it1,Physical,Critical,1410.61,0
17:10:04:22:25:59.0::Harkken,P[511693318@23789296 Harkken@sshookman],,*,,*,Electric Shot,Pn.2zr0it1,Power,,-17.1173,0
17:10:04:22:26:00.3::Harkken,P[511693318@23789296 Harkken@sshookman],,*,,*,Electric Shot,Pn.Atk1ys1,Power,,-11.9821,0
17:10:04:22:26:00.4::Harkken,P[511693318@23789296 Harkken@sshookman],,*,Target Dummy,C[278516 Entity_Targetdummy],Electric Shot,Pn.Atk1ys1,Physical,,540.292,0
17:10:04:22:26:01.0::Harkken,P[511693318@23789296 Harkken@sshookman],,*,Target Dummy,C[278516 Entity_Targetdummy],Electric Shot,Pn.6e618t1,Physical,,496.879,0
17:10:04:22:26:01.1::Harkken,P[511693318@23789296 Harkken@sshookman],,*,,*,Electric Shot,Pn.6e618t1,Power,,-11.9821,0
17:10:04:22:26:01.9::Harkken,P[511693318@23789296 Harkken@sshookman],,*,Target Dummy,C[278516 Entity_Targetdummy],Longshot,Pn.6hn0so1,Physical,,208.791,0
17:10:04:22:26:01.9::Harkken,P[511693318@23789296 Harkken@sshookman],,*,Target Dummy,C[278516 Entity_Targetdummy],Electric Shot,Pn.2zr0it1,Physical,Critical,1339.38,0
17:10:04:22:26:02.0::Harkken,P[511693318@23789296 Harkken@sshookman],,*,,*,Electric Shot,Pn.2zr0it1,Power,,-17.1173,0
17:10:04:22:26:03.2::Harkken,P[511693318@23789296 Harkken@sshookman],,*,,*,Electric Shot,Pn.Atk1ys1,Power,,-11.9821,0
17:10:04:22:26:03.2::Harkken,P[511693318@23789296 Harkken@sshookman],,*,Target Dummy,C[278516 Entity_Targetdummy],Electric Shot,Pn.Atk1ys1,Physical,Critical,956.214,0
17:10:04:22:26:03.2::Harkken,P[511693318@23789296 Harkken@sshookman],,*,Target Dummy,C[278516 Entity_Targetdummy],Longshot,Pn.6hn0so1,Physical,,218.233,0
17:10:04:22:26:04.0::Harkken,P[511693318@23789296 Harkken@sshookman],,*,Target Dummy,C[278516 Entity_Targetdummy],Electric Shot,Pn.6e618t1,Physical,,534.712,0
17:10:04:22:26:04.1::Harkken,P[511693318@23789296 Harkken@sshookman],,*,,*,Electric Shot,Pn.6e618t1,Power,,-11.9821,0
17:10:04:22:26:04.8::Harkken,P[511693318@23789296 Harkken@sshookman],,*,Target Dummy,C[278516 Entity_Targetdummy],Electric Shot,Pn.2zr0it1,Physical,Critical,1291.67,0
17:10:04:22:26:04.8::Harkken,P[511693318@23789296 Harkken@sshookman],,*,Target Dummy,C[278516 Entity_Targetdummy],Longshot,Pn.6hn0so1,Physical,,193.408,0
17:10:04:22:26:04.9::Harkken,P[511693318@23789296 Harkken@sshookman],,*,,*,Electric Shot,Pn.2zr0it1,Power,,-17.1173,0
17:10:04:22:26:06.0::Harkken,P[511693318@23789296 Harkken@sshookman],,*,Target Dummy,C[278516 Entity_Targetdummy],Electric Shot,Pn.Atk1ys1,Physical,,528.807,0
17:10:04:22:26:06.1::Harkken,P[511693318@23789296 Harkken@sshookman],,*,,*,Electric Shot,Pn.Atk1ys1,Power,,-11.9821,0
17:10:04:22:26:06.9::Harkken,P[511693318@23789296 Harkken@sshookman],,*,Target Dummy,C[278516 Entity_Targetdummy],Electric Shot,Pn.6e618t1,Physical,,496.553,0
17:10:04:22:26:07.0::Harkken,P[511693318@23789296 Harkken@sshookman],,*,,*,Electric Shot,Pn.6e618t1,Power,,-11.9821,0
17:10:04:22:26:07.7::Harkken,P[511693318@23789296 Harkken@sshookman],,*,Target Dummy,C[278516 Entity_Targetdummy],Electric Shot,Pn.2zr0it1,Physical,,737.408,0
17:10:04:22:26:07.9::Harkken,P[511693318@23789296 Harkken@sshookman],,*,,*,Electric Shot,Pn.2zr0it1,Power,,-17.1173,0
17:10:04:22:26:09.0::Harkken,P[511693318@23789296 Harkken@sshookman],,*,Target Dummy,C[278516 Entity_Targetdummy],Electric Shot,Pn.Atk1ys1,Physical,,502.661,0
17:10:04:22:26:09.1::Harkken,P[511693318@23789296 Harkken@sshookman],,*,,*,Electric Shot,Pn.Atk1ys1,Power,,-11.9821,0
17:10:04:22:26:09.8::Harkken,P[511693318@23789296 Harkken@sshookman],,*,Target Dummy,C[278516 Entity_Targetdummy],Electric Shot,Pn.2zr0it1,Physical,,761.028,0
17:10:04:22:26:09.9::Harkken,P[511693318@23789296 Harkken@sshookman],,*,,*,Electric Shot,Pn.2zr0it1,Power,,-17.1173,0
17:10:04:22:26:11.0::Harkken,P[511693318@23789296 Harkken@sshookman],,*,,*,Electric Shot,Pn.Atk1ys1,Power,,-11.9821,0
17:10:04:22:26:11.0::Harkken,P[511693318@23789296 Harkken@sshookman],,*,Target Dummy,C[278516 Entity_Targetdummy],Electric Shot,Pn.Atk1ys1,Physical,,487.392,0
17:10:04:22:26:12.5::Harkken,P[511693318@23789296 Harkken@sshookman],,*,Target Dummy,C[278516 Entity_Targetdummy],Electric Shot,Pn.6e618t1,Physical,,512.361,0
17:10:04:22:26:12.5::Harkken,P[511693318@23789296 Harkken@sshookman],,*,,*,Electric Shot,Pn.6e618t1,Power,,-11.9821,0
17:10:04:22:26:13.1::Harkken,P[511693318@23789296 Harkken@sshookman],,*,,*,Electric Shot,Pn.2zr0it1,Power,,-17.1173,0
17:10:04:22:26:13.1::Harkken,P[511693318@23789296 Harkken@sshookman],,*,Target Dummy,C[278516 Entity_Targetdummy],Electric Shot,Pn.2zr0it1,Physical,,798.48,0
17:10:04:22:26:14.4::Harkken,P[511693318@23789296 Harkken@sshookman],,*,Target Dummy,C[278516 Entity_Targetdummy],Electric Shot,Pn.Atk1ys1,Physical,,497.332,0
17:10:04:22:26:14.7::Harkken,P[511693318@23789296 Harkken@sshookman],,*,,*,Electric Shot,Pn.Atk1ys1,Power,,-11.9821,0
17:10:04:22:26:15.4::Harkken,P[511693318@23789296 Harkken@sshookman],,*,,*,Electric Shot,Pn.6e618t1,Power,,-11.9821,0
17:10:04:22:26:15.5::Harkken,P[511693318@23789296 Harkken@sshookman],,*,Target Dummy,C[278516 Entity_Targetdummy],Electric Shot,Pn.6e618t1,Physical,,496.145,0
17:10:04:22:26:16.3::Harkken,P[511693318@23789296 Harkken@sshookman],,*,,*,Electric Shot,Pn.2zr0it1,Power,,-17.1173,0
17:10:04:22:26:16.3::Harkken,P[511693318@23789296 Harkken@sshookman],,*,Target Dummy,C[278516 Entity_Targetdummy],Electric Shot,Pn.2zr0it1,Physical,Critical,1391.33,0
17:10:04:22:26:16.3::Harkken,P[511693318@23789296 Harkken@sshookman],,*,Target Dummy,C[278516 Entity_Targetdummy],Longshot,Pn.6hn0so1,Physical,,218.426,0
17:10:04:22:26:17.5::Harkken,P[511693318@23789296 Harkken@sshookman],,*,,*,Electric Shot,Pn.Atk1ys1,Power,,-11.9821,0
17:10:04:22:26:17.5::Harkken,P[511693318@23789296 Harkken@sshookman],,*,Target Dummy,C[278516 Entity_Targetdummy],Electric Shot,Pn.Atk1ys1,Physical,,513.496,0
17:10:04:22:26:18.2::Harkken,P[511693318@23789296 Harkken@sshookman],,*,,*,Electric Shot,Pn.6e618t1,Power,,-11.9821,0
17:10:04:22:26:18.3::Harkken,P[511693318@23789296 Harkken@sshookman],,*,Target Dummy,C[278516 Entity_Targetdummy],Electric Shot,Pn.6e618t1,Physical,,544.794,0
17:10:04:22:26:19.1::Harkken,P[511693318@23789296 Harkken@sshookman],,*,,*,Electric Shot,Pn.2zr0it1,Power,,-17.1173,0
17:10:04:22:26:19.1::Harkken,P[511693318@23789296 Harkken@sshookman],,*,Target Dummy,C[278516 Entity_Targetdummy],Electric Shot,Pn.2zr0it1,Physical,Critical,1387.25,0
17:10:04:22:26:19.1::Harkken,P[511693318@23789296 Harkken@sshookman],,*,Target Dummy,C[278516 Entity_Targetdummy],Longshot,Pn.6hn0so1,Physical,,188.306,0
17:10:04:22:26:20.7::Harkken,P[511693318@23789296 Harkken@sshookman],,*,,*,Electric Shot,Pn.Atk1ys1,Power,,-11.9821,0
17:10:04:22:26:20.7::Harkken,P[511693318@23789296 Harkken@sshookman],,*,Target Dummy,C[278516 Entity_Targetdummy],Electric Shot,Pn.Atk1ys1,Physical,Critical,885.617,0
17:10:04:22:26:20.7::Harkken,P[511693318@23789296 Harkken@sshookman],,*,Target Dummy,C[278516 Entity_Targetdummy],Longshot,Pn.6hn0so1,Physical,,220.422,0
17:10:04:22:26:21.8::Harkken,P[511693318@23789296 Harkken@sshookman],,*,Target Dummy,C[278516 Entity_Targetdummy],Electric Shot,Pn.2zr0it1,Physical,Critical,1305.72,0
17:10:04:22:26:21.8::Harkken,P[511693318@23789296 Harkken@sshookman],,*,Target Dummy,C[278516 Entity_Targetdummy],Longshot,Pn.6hn0so1,Physical,,190.983,0
17:10:04:22:26:21.9::Harkken,P[511693318@23789296 Harkken@sshookman],,*,,*,Electric Shot,Pn.2zr0it1,Power,,-17.1173,0
17:10:04:22:26:23.1::Harkken,P[511693318@23789296 Harkken@sshookman],,*,,*,Electric Shot,Pn.Atk1ys1,Power,,-11.9821,0
17:10:04:22:26:23.1::Harkken,P[511693318@23789296 Harkken@sshookman],,*,Target Dummy,C[278516 Entity_Targetdummy],Electric Shot,Pn.Atk1ys1,Physical,,551.988,0
17:10:04:22:26:23.7::Harkken,P[511693318@23789296 Harkken@sshookman],,*,Target Dummy,C[278516 Entity_Targetdummy],Electric Shot,Pn.6e618t1,Physical,Critical,857.013,0
17:10:04:22:26:23.7::Harkken,P[511693318@23789296 Harkken@sshookman],,*,Target Dummy,C[278516 Entity_Targetdummy],Longshot,Pn.6hn0so1,Physical,,196.865,0
17:10:04:22:26:23.7::Harkken,P[511693318@23789296 Harkken@sshookman],,*,,*,Electric Shot,Pn.6e618t1,Power,,-11.9821,0
17:10:04:22:26:24.6::Harkken,P[511693318@23789296 Harkken@sshookman],,*,Target Dummy,C[278516 Entity_Targetdummy],Electric Shot,Pn.2zr0it1,Physical,,786.064,0
17:10:04:22:26:24.7::Harkken,P[511693318@23789296 Harkken@sshookman],,*,,*,Electric Shot,Pn.2zr0it1,Power,,-17.1173,0
17:10:04:22:26:26.4::Harkken,P[511693318@23789296 Harkken@sshookman],,*,Target Dummy,C[278516 Entity_Targetdummy],Electric Shot,Pn.Atk1ys1,Physical,,531.404,0
17:10:04:22:26:26.5::Harkken,P[511693318@23789296 Harkken@sshookman],,*,,*,Electric Shot,Pn.Atk1ys1,Power,,-11.9821,0
17:10:04:22:26:27.3::Harkken,P[511693318@23789296 Harkken@sshookman],,*,,*,Electric Shot,Pn.6e618t1,Power,,-11.9821,0
17:10:04:22:26:27.3::Harkken,P[511693318@23789296 Harkken@sshookman],,*,Target Dummy,C[278516 Entity_Targetdummy],Electric Shot,Pn.6e618t1,Physical,,480.324,0
17:10:04:22:26:28.3::Harkken,P[511693318@23789296 Harkken@sshookman],,*,,*,Electric Shot,Pn.2zr0it1,Power,,-17.1173,0
17:10:04:22:26:28.3::Harkken,P[511693318@23789296 Harkken@sshookman],,*,Target Dummy,C[278516 Entity_Targetdummy],Electric Shot,Pn.2zr0it1,Physical,Critical,1385.82,0
17:10:04:22:26:28.3::Harkken,P[511693318@23789296 Harkken@sshookman],,*,Target Dummy,C[278516 Entity_Targetdummy],Longshot,Pn.6hn0so1,Physical,,222.358,0
17:10:04:22:26:29.3::Harkken,P[511693318@23789296 Harkken@sshookman],,*,Target Dummy,C[278516 Entity_Targetdummy],Electric Shot,Pn.Atk1ys1,Physical,,507.933,0
17:10:04:22:26:29.5::Harkken,P[511693318@23789296 Harkken@sshookman],,*,,*,Electric Shot,Pn.Atk1ys1,Power,,-11.9821,0
17:10:04:22:26:30.2::Harkken,P[511693318@23789296 Harkken@sshookman],,*,Target Dummy,C[278516 Entity_Targetdummy],Electric Shot,Pn.6e618t1,Physical,,497.641,0
17:10:04:22:26:30.3::Harkken,P[511693318@23789296 Harkken@sshookman],,*,,*,Electric Shot,Pn.6e618t1,Power,,-11.9821,0
17:10:04:22:26:31.1::Harkken,P[511693318@23789296 Harkken@sshookman],,*,,*,Electric Shot,Pn.2zr0it1,Power,,-17.1173,0
17:10:04:22:26:31.1::Harkken,P[511693318@23789296 Harkken@sshookman],,*,Target Dummy,C[278516 Entity_Targetdummy],Longshot,Pn.6hn0so1,Physical,,207.904,0
17:10:04:22:26:31.1::Harkken,P[511693318@23789296 Harkken@sshookman],,*,Target Dummy,C[278516 Entity_Targetdummy],Electric Shot,Pn.2zr0it1,Physical,Critical,1358.6,0
17:10:04:22:26:32.2::Harkken,P[511693318@23789296 Harkken@sshookman],,*,Target Dummy,C[278516 Entity_Targetdummy],Electric Shot,Pn.Atk1ys1,Physical,,503.8,0
17:10:04:22:26:32.4::Harkken,P[511693318@23789296 Harkken@sshookman],,*,,*,Electric Shot,Pn.Atk1ys1,Power,,-11.9821,0
17:10:04:22:26:33.1::Harkken,P[511693318@23789296 Harkken@sshookman],,*,,*,Electric Shot,Pn.6e618t1,Power,,-11.9821,0
17:10:04:22:26:33.1::Harkken,P[511693318@23789296 Harkken@sshookman],,*,Target Dummy,C[278516 Entity_Targetdummy],Electric Shot,Pn.6e618t1,Physical,Critical,941.702,0
17:10:04:22:26:33.1::Harkken,P[511693318@23789296 Harkken@sshookman],,*,Target Dummy,C[278516 Entity_Targetdummy],Longshot,Pn.6hn0so1,Physical,,207.173,0
17:10:04:22:26:34.3::Harkken,P[511693318@23789296 Harkken@sshookman],,*,,*,Electric Shot,Pn.2zr0it1,Power,,-17.1173,0
17:10:04:22:26:34.3::Harkken,P[511693318@23789296 Harkken@sshookman],,*,Target Dummy,C[278516 Entity_Targetdummy],Electric Shot,Pn.2zr0it1,Physical,,816.457,0
17:10:04:22:26:35.1::Harkken,P[511693318@23789296 Harkken@sshookman],,*,Target Dummy,C[278516 Entity_Targetdummy],Electric Shot,Pn.Atk1ys1,Physical,,536.227,0
17:10:04:22:26:35.3::Harkken,P[511693318@23789296 Harkken@sshookman],,*,,*,Electric Shot,Pn.Atk1ys1,Power,,-11.9821,0
17:10:04:22:26:36.1::Harkken,P[511693318@23789296 Harkken@sshookman],,*,,*,Electric Shot,Pn.6e618t1,Power,,-11.9821,0
17:10:04:22:26:36.3::Harkken,P[511693318@23789296 Harkken@sshookman],,*,Target Dummy,C[278516 Entity_Targetdummy],Electric Shot,Pn.6e618t1,Physical,,542.04,0
17:10:04:22:26:36.9::Harkken,P[511693318@23789296 Harkken@sshookman],,*,Target Dummy,C[278516 Entity_Targetdummy],Electric Shot,Pn.2zr0it1,Physical,,799.18,0
17:10:04:22:26:37.0::Harkken,P[511693318@23789296 Harkken@sshookman],,*,,*,Electric Shot,Pn.2zr0it1,Power,,-17.1173,0
17:10:04:22:26:38.2::Harkken,P[511693318@23789296 Harkken@sshookman],,*,Target Dummy,C[278516 Entity_Targetdummy],Electric Shot,Pn.Atk1ys1,Physical,,533.692,0
17:10:04:22:26:38.3::Harkken,P[511693318@23789296 Harkken@sshookman],,*,,*,Electric Shot,Pn.Atk1ys1,Power,,-11.9821,0
17:10:04:22:26:39.2::Harkken,P[511693318@23789296 Harkken@sshookman],,*,,*,Electric Shot,Pn.6e618t1,Power,,-11.9821,0
17:10:04:22:26:39.3::Harkken,P[511693318@23789296 Harkken@sshookman],,*,Target Dummy,C[278516 Entity_Targetdummy],Electric Shot,Pn.6e618t1,Physical,,533.397,0
17:10:04:22:26:40.0::Harkken,P[511693318@23789296 Harkken@sshookman],,*,Target Dummy,C[278516 Entity_Targetdummy],Electric Shot,Pn.2zr0it1,Physical,,791.629,0
17:10:04:22:26:40.1::Harkken,P[511693318@23789296 Harkken@sshookman],,*,,*,Electric Shot,Pn.2zr0it1,Power,,-17.1173,0
17:10:04:22:26:41.2::Harkken,P[511693318@23789296 Harkken@sshookman],,*,Target Dummy,C[278516 Entity_Targetdummy],Electric Shot,Pn.Atk1ys1,Physical,,527.753,0
17:10:04:22:26:41.4::Harkken,P[511693318@23789296 Harkken@sshookman],,*,,*,Electric Shot,Pn.Atk1ys1,Power,,-11.9821,0
17:10:04:22:26:42.1::Harkken,P[511693318@23789296 Harkken@sshookman],,*,,*,Electric Shot,Pn.6e618t1,Power,,-11.9821,0
17:10:04:22:26:42.1::Harkken,P[511693318@23789296 Harkken@sshookman],,*,Target Dummy,C[278516 Entity_Targetdummy],Electric Shot,Pn.6e618t1,Physical,Critical,973.01,0
17:10:04:22:26:42.1::Harkken,P[511693318@23789296 Harkken@sshookman],,*,Target Dummy,C[278516 Entity_Targetdummy],Longshot,Pn.6hn0so1,Physical,,198.511,0
17:10:04:22:26:42.9::Harkken,P[511693318@23789296 Harkken@sshookman],,*,Target Dummy,C[278516 Entity_Targetdummy],Electric Shot,Pn.2zr0it1,Physical,,841.059,0
17:10:04:22:26:43.1::Harkken,P[511693318@23789296 Harkken@sshookman],,*,,*,Electric Shot,Pn.2zr0it1,Power,,-17.1173,0
17:10:04:22:26:44.2::Harkken,P[511693318@23789296 Harkken@sshookman],,*,,*,Electric Shot,Pn.Atk1ys1,Power,,-11.9821,0
17:10:04:22:26:44.3::Harkken,P[511693318@23789296 Harkken@sshookman],,*,Target Dummy,C[278516 Entity_Targetdummy],Electric Shot,Pn.Atk1ys1,Physical,,514.327,0
17:10:04:22:26:45.0::Harkken,P[511693318@23789296 Harkken@sshookman],,*,Target Dummy,C[278516 Entity_Targetdummy],Electric Shot,Pn.6e618t1,Physical,,495.656,0
17:10:04:22:26:45.1::Harkken,P[511693318@23789296 Harkken@sshookman],,*,,*,Electric Shot,Pn.6e618t1,Power,,-11.9821,0
17:10:04:22:26:45.9::Harkken,P[511693318@23789296 Harkken@sshookman],,*,Target Dummy,C[278516 Entity_Targetdummy],Electric Shot,Pn.2zr0it1,Physical,,780.923,0
17:10:04:22:26:46.0::Harkken,P[511693318@23789296 Harkken@sshookman],,*,,*,Electric Shot,Pn.2zr0it1,Power,,-17.1173,0
17:10:04:22:26:47.8::Harkken,P[511693318@23789296 Harkken@sshookman],,*,,*,Electric Shot,Pn.Atk1ys1,Power,,-11.9821,0
17:10:04:22:26:47.8::Harkken,P[511693318@23789296 Harkken@sshookman],,*,Target Dummy,C[278516 Entity_Targetdummy],Electric Shot,Pn.Atk1ys1,Physical,Critical,959.431,0
17:10:04:22:26:47.8::Harkken,P[511693318@23789296 Harkken@sshookman],,*,Target Dummy,C[278516 Entity_Targetdummy],Longshot,Pn.6hn0so1,Physical,,190.432,0
17:10:04:22:26:48.5::Harkken,P[511693318@23789296 Harkken@sshookman],,*,,*,Electric Shot,Pn.6e618t1,Power,,-11.9821,0
17:10:04:22:26:48.9::Harkken,P[511693318@23789296 Harkken@sshookman],,*,Target Dummy,C[278516 Entity_Targetdummy],Electric Shot,Pn.6e618t1,Physical,,506.164,0
17:10:04:22:26:49.3::Harkken,P[511693318@23789296 Harkken@sshookman],,*,,*,Electric Shot,Pn.2zr0it1,Power,,-17.1173,0
17:10:04:22:26:49.3::Harkken,P[511693318@23789296 Harkken@sshookman],,*,Target Dummy,C[278516 Entity_Targetdummy],Electric Shot,Pn.2zr0it1,Physical,,827.517,0
17:10:04:22:26:50.4::Harkken,P[511693318@23789296 Harkken@sshookman],,*,Target Dummy,C[278516 Entity_Targetdummy],Electric Shot,Pn.Atk1ys1,Physical,,521.681,0
17:10:04:22:26:50.5::Harkken,P[511693318@23789296 Harkken@sshookman],,*,,*,Electric Shot,Pn.Atk1ys1,Power,,-11.9821,0
17:10:04:22:26:51.3::Harkken,P[511693318@23789296 Harkken@sshookman],,*,Target Dummy,C[278516 Entity_Targetdummy],Electric Shot,Pn.2zr0it1,Physical,,836.195,0
17:10:04:22:26:51.4::Harkken,P[511693318@23789296 Harkken@sshookman],,*,,*,Electric Shot,Pn.2zr0it1,Power,,-17.1173,0
17:10:04:22:26:52.4::Harkken,P[511693318@23789296 Harkken@sshookman],,*,Target Dummy,C[278516 Entity_Targetdummy],Electric Shot,Pn.Atk1ys1,Physical,,492.959,0
17:10:04:22:26:52.6::Harkken,P[511693318@23789296 Harkken@sshookman],,*,,*,Electric Shot,Pn.Atk1ys1,Power,,-11.9821,0
17:10:04:22:26:53.3::Harkken,P[511693318@23789296 Harkken@sshookman],,*,Target Dummy,C[278516 Entity_Targetdummy],Electric Shot,Pn.6e618t1,Physical,,508.704,0
17:10:04:22:26:53.4::Harkken,P[511693318@23789296 Harkken@sshookman],,*,,*,Electric Shot,Pn.6e618t1,Power,,-11.9821,0
17:10:04:22:26:54.2::Harkken,P[511693318@23789296 Harkken@sshookman],,*,,*,Electric Shot,Pn.2zr0it1,Power,,-17.1173,0
17:10:04:22:26:54.2::Harkken,P[511693318@23789296 Harkken@sshookman],,*,Target Dummy,C[278516 Entity_Targetdummy],Electric Shot,Pn.2zr0it1,Physical,,810.771,0
17:10:04:22:26:55.2::Harkken,P[511693318@23789296 Harkken@sshookman],,*,Target Dummy,C[278516 Entity_Targetdummy],Electric Shot,Pn.Atk1ys1,Physical,Critical,958.051,0
17:10:04:22:26:55.2::Harkken,P[511693318@23789296 Harkken@sshookman],,*,Target Dummy,C[278516 Entity_Targetdummy],Longshot,Pn.6hn0so1,Physical,,211.599,0
17:10:04:22:26:55.3::Harkken,P[511693318@23789296 Harkken@sshookman],,*,,*,Electric Shot,Pn.Atk1ys1,Power,,-11.9821,0
17:10:04:22:26:56.5::Harkken,P[511693318@23789296 Harkken@sshookman],,*,,*,Electric Shot,Pn.6e618t1,Power,,-11.9821,0
17:10:04:22:26:56.5::Harkken,P[511693318@23789296 Harkken@sshookman],,*,Target Dummy,C[278516 Entity_Targetdummy],Electric Shot,Pn.6e618t1,Physical,,520.494,0
17:10:04:22:26:57.2::Harkken,P[511693318@23789296 Harkken@sshookman],,*,,*,Electric Shot,Pn.2zr0it1,Power,,-17.1173,0
17:10:04:22:26:57.2::Harkken,P[511693318@23789296 Harkken@sshookman],,*,Target Dummy,C[278516 Entity_Targetdummy],Electric Shot,Pn.2zr0it1,Physical,,721.402,0
17:10:04:22:26:58.2::Harkken,P[511693318@23789296 Harkken@sshookman],,*,,*,Electric Shot,Pn.Atk1ys1,Power,,-11.9821,0
17:10:04:22:26:58.2::Harkken,P[511693318@23789296 Harkken@sshookman],,*,Target Dummy,C[278516 Entity_Targetdummy],Electric Shot,Pn.Atk1ys1,Physical,,508.035,0
17:10:04:22:26:59.5::Harkken,P[511693318@23789296 Harkken@sshookman],,*,,*,Electric Shot,Pn.6e618t1,Power,,-11.9821,0
17:10:04:22:26:59.5::Harkken,P[511693318@23789296 Harkken@sshookman],,*,Target Dummy,C[278516 Entity_Targetdummy],Electric Shot,Pn.6e618t1,Physical,,499.665,0
17:10:04:22:27:00.3::Harkken,P[511693318@23789296 Harkken@sshookman],,*,,*,Electric Shot,Pn.2zr0it1,Power,,-17.1173,0
17:10:04:22:27:00.3::Harkken,P[511693318@23789296 Harkken@sshookman],,*,Target Dummy,C[278516 Entity_Targetdummy],Electric Shot,Pn.2zr0it1,Physical,,807.266,0
17:10:04:22:27:01.4::Harkken,P[511693318@23789296 Harkken@sshookman],,*,,*,Electric Shot,Pn.Atk1ys1,Power,,-11.9821,0
17:10:04:22:27:01.4::Harkken,P[511693318@23789296 Harkken@sshookman],,*,Target Dummy,C[278516 Entity_Targetdummy],Electric Shot,Pn.Atk1ys1,Physical,Critical,888.789,0
17:10:04:22:27:01.4::Harkken,P[511693318@23789296 Harkken@sshookman],,*,Target Dummy,C[278516 Entity_Targetdummy],Longshot,Pn.6hn0so1,Physical,,195.249,0
17:10:04:22:27:02.3::Harkken,P[511693318@23789296 Harkken@sshookman],,*,,*,Electric Shot,Pn.6e618t1,Power,,-11.9821,0
17:10:04:22:27:02.3::Harkken,P[511693318@23789296 Harkken@sshookman],,*,Target Dummy,C[278516 Entity_Targetdummy],Electric Shot,Pn.6e618t1,Physical,,513.129,0
17:10:04:22:27:03.3::Harkken,P[511693318@23789296 Harkken@sshookman],,*,,*,Electric Shot,Pn.2zr0it1,Power,,-17.1173,0
17:10:04:22:27:03.3::Harkken,P[511693318@23789296 Harkken@sshookman],,*,Target Dummy,C[278516 Entity_Targetdummy],Electric Shot,Pn.2zr0it1,Physical,,835.912,0
17:10:04:22:27:04.4::Harkken,P[511693318@23789296 Harkken@sshookman],,*,,*,Electric Shot,Pn.Atk1ys1,Power,,-11.9821,0
17:10:04:22:27:04.4::Harkken,P[511693318@23789296 Harkken@sshookman],,*,Target Dummy,C[278516 Entity_Targetdummy],Electric Shot,Pn.Atk1ys1,Physical,,506.423,0
17:10:04:22:27:05.2::Harkken,P[511693318@23789296 Harkken@sshookman],,*,Target Dummy,C[278516 Entity_Targetdummy],Electric Shot,Pn.6e618t1,Physical,,515.336,0
17:10:04:22:27:05.3::Harkken,P[511693318@23789296 Harkken@sshookman],,*,,*,Electric Shot,Pn.6e618t1,Power,,-11.9821,0
17:10:04:22:27:06.0::Harkken,P[511693318@23789296 Harkken@sshookman],,*,Target Dummy,C[278516 Entity_Targetdummy],Electric Shot,Pn.2zr0it1,Physical,,781.346,0
17:10:04:22:27:06.1::Harkken,P[511693318@23789296 Harkken@sshookman],,*,,*,Electric Shot,Pn.2zr0it1,Power,,-17.1173,0
17:10:04:22:27:07.9::Harkken,P[511693318@23789296 Harkken@sshookman],,*,,*,Electric Shot,Pn.Atk1ys1,Power,,-11.9821,0
17:10:04:22:27:07.9::Harkken,P[511693318@23789296 Harkken@sshookman],,*,Target Dummy,C[278516 Entity_Targetdummy],Electric Shot,Pn.Atk1ys1,Physical,,539.501,0
17:10:04:22:27:08.5::Harkken,P[511693318@23789296 Harkken@sshookman],,*,,*,Electric Shot,Pn.6e618t1,Power,,-11.9821,0
17:10:04:22:27:08.5::Harkken,P[511693318@23789296 Harkken@sshookman],,*,Target Dummy,C[278516 Entity_Targetdummy],Electric Shot,Pn.6e618t1,Physical,Critical,915.76,0
17:10:04:22:27:08.5::Harkken,P[511693318@23789296 Harkken@sshookman],,*,Target Dummy,C[278516 Entity_Targetdummy],Longshot,Pn.6hn0so1,Physical,,199.47,0
17:10:04:22:27:09.3::Harkken,P[511693318@23789296 Harkken@sshookman],,*,,*,Electric Shot,Pn.2zr0it1,Power,,-17.1173,0
17:10:04:22:27:09.3::Harkken,P[511693318@23789296 Harkken@sshookman],,*,Target Dummy,C[278516 Entity_Targetdummy],Electric Shot,Pn.2zr0it1,Physical,Critical,1412.96,0
17:10:04:22:27:09.3::Harkken,P[511693318@23789296 Harkken@sshookman],,*,Target Dummy,C[278516 Entity_Targetdummy],Longshot,Pn.6hn0so1,Physical,,220.622,0
17:10:04:22:27:10.4::Harkken,P[511693318@23789296 Harkken@sshookman],,*,,*,Electric Shot,Pn.Atk1ys1,Power,,-11.9821,0
17:10:04:22:27:10.4::Harkken,P[511693318@23789296 Harkken@sshookman],,*,Target Dummy,C[278516 Entity_Targetdummy],Electric Shot,Pn.Atk1ys1,Physical,,485.067,0
17:10:04:22:27:11.2::Harkken,P[511693318@23789296 Harkken@sshookman],,*,,*,Electric Shot,Pn.2zr0it1,Power,,-17.1173,0
17:10:04:22:27:11.2::Harkken,P[511693318@23789296 Harkken@sshookman],,*,Target Dummy,C[278516 Entity_Targetdummy],Electric Shot,Pn.2zr0it1,Physical,,811.487,0
17:10:04:22:27:12.2::Harkken,P[511693318@23789296 Harkken@sshookman],,*,Target Dummy,C[278516 Entity_Targetdummy],Electric Shot,Pn.Atk1ys1,Physical,,508.967,0
17:10:04:22:27:12.5::Harkken,P[511693318@23789296 Harkken@sshookman],,*,,*,Electric Shot,Pn.Atk1ys1,Power,,-11.9821,0
17:10:04:22:27:13.1::Harkken,P[511693318@23789296 Harkken@sshookman],,*,,*,Electric Shot,Pn.6e618t1,Power,,-11.9821,0
17:10:04:22:27:13.1::Harkken,P[511693318@23789296 Harkken@sshookman],,*,Target Dummy,C[278516 Entity_Targetdummy],Electric Shot,Pn.6e618t1,Physical,,513.326,0
17:10:04:22:27:14.2::Harkken,P[511693318@23789296 Harkken@sshookman],,*,,*,Electric Shot,Pn.2zr0it1,Power,,-17.1173,0
17:10:04:22:27:14.2::Harkken,P[511693318@23789296 Harkken@sshookman],,*,Target Dummy,C[278516 Entity_Targetdummy],Electric Shot,Pn.2zr0it1,Physical,,776.628,0
17:10:04:22:27:15.3::Harkken,P[511693318@23789296 Harkken@sshookman],,*,,*,Electric Shot,Pn.Atk1ys1,Power,,-11.9821,0
17:10:04:22:27:15.3::Harkken,P[511693318@23789296 Harkken@sshookman],,*,Target Dummy,C[278516 Entity_Targetdummy],Electric Shot,Pn.Atk1ys1,Physical,,500.323,0
17:10:04:22:27:16.1::Harkken,P[511693318@23789296 Harkken@sshookman],,*,,*,Electric Shot,Pn.6e618t1,Power,,-11.9821,0
17:10:04:22:27:16.1::Harkken,P[511693318@23789296 Harkken@sshookman],,*,Target Dummy,C[278516 Entity_Targetdummy],Electric Shot,Pn.6e618t1,Physical,,506.563,0
17:10:04:22:27:16.9::Harkken,P[511693318@23789296 Harkken@sshookman],,*,Target Dummy,C[278516 Entity_Targetdummy],Electric Shot,Pn.2zr0it1,Physical,,836.151,0
17:10:04:22:27:17.0::Harkken,P[511693318@23789296 Harkken@sshookman],,*,,*,Electric Shot,Pn.2zr0it1,Power,,-17.1173,0
17:10:04:22:27:18.1::Harkken,P[511693318@23789296 Harkken@sshookman],,*,,*,Electric Shot,Pn.Atk1ys1,Power,,-11.9821,0
17:10:04:22:27:18.1::Harkken,P[511693318@23789296 Harkken@sshookman],,*,Target Dummy,C[278516 Entity_Targetdummy],Electric Shot,Pn.Atk1ys1,Physical,,515.058,0
17:10:04:22:27:18.9::Harkken,P[511693318@23789296 Harkken@sshookman],,*,,*,Electric Shot,Pn.6e618t1,Power,,-11.9821,0
17:10:04:22:27:18.9::Harkken,P[511693318@23789296 Harkken@sshookman],,*,Target Dummy,C[278516 Entity_Targetdummy],Electric Shot,Pn.6e618t1,Physical,,506.881,0
17:10:04:22:27:19.7::Harkken,P[511693318@23789296 Harkken@sshookman],,*,Target Dummy,C[278516 Entity_Targetdummy],Electric Shot,Pn.2zr0it1,Physical,Critical,1306.37,0
17:10:04:22:27:19.7::Harkken,P[511693318@23789296 Harkken@sshookman],,*,Target Dummy,C[278516 Entity_Targetdummy],Longshot,Pn.6hn0so1,Physical,,217.408,0
17:10:04:22:27:19.9::Harkken,P[511693318@23789296 Harkken@sshookman],,*,,*,Electric Shot,Pn.2zr0it1,Power,,-17.1173,0
17:10:04:22:27:21.0::Harkken,P[511693318@23789296 Harkken@sshookman],,*,Target Dummy,C[278516 Entity_Targetdummy],Electric Shot,Pn.Atk1ys1,Physical,,515.678,0
17:10:04:22:27:21.1::Harkken,P[511693318@23789296 Harkken@sshookman],,*,,*,Electric Shot,Pn.Atk1ys1,Power,,-11.9821,0
17:10:04:22:27:21.8::Harkken,P[511693318@23789296 Harkken@sshookman],,*,Target Dummy,C[278516 Entity_Targetdummy],Electric Shot,Pn.6e618t1,Physical,Critical,920.921,0
17:10:04:22:27:21.8::Harkken,P[511693318@23789296 Harkken@sshookman],,*,Target Dummy,C[278516 Entity_Targetdummy],Longshot,Pn.6hn0so1,Physical,,207.61,0
17:10:04:22:27:21.9::Harkken,P[511693318@23789296 Harkken@sshookman],,*,,*,Electric Shot,Pn.6e618t1,Power,,-11.9821,0
17:10:04:22:27:22.8::Harkken,P[511693318@23789296 Harkken@sshookman],,*,,*,Electric Shot,Pn.2zr0it1,Power,,-17.1173,0
17:10:04:22:27:22.8::Harkken,P[511693318@23789296 Harkken@sshookman],,*,Target Dummy,C[278516 Entity_Targetdummy],Electric Shot,Pn.2zr0it1,Physical,Critical,1395.73,0
17:10:04:22:27:22.8::Harkken,P[511693318@23789296 Harkken@sshookman],,*,Target Dummy,C[278516 Entity_Targetdummy],Longshot,Pn.6hn0so1,Physical,,220.209,0
17:10:04:22:27:24.0::Harkken,P[511693318@23789296 Harkken@sshookman],,*,,*,Electric Shot,Pn.Atk1ys1,Power,,-11.9821,0
17:10:04:22:27:24.0::Harkken,P[511693318@23789296 Harkken@sshookman],,*,Target Dummy,C[278516 Entity_Targetdummy],Electric Shot,Pn.Atk1ys1,Physical,Critical,850.841,0
17:10:04:22:27:24.0::Harkken,P[511693318@23789296 Harkken@sshookman],,*,Target Dummy,C[278516 Entity_Targetdummy],Longshot,Pn.6hn0so1,Physical,,206.557,0
17:10:04:22:27:24.8::Harkken,P[511693318@23789296 Harkken@sshookman],,*,Target Dummy,C[278516 Entity_Targetdummy],Electric Shot,Pn.6e618t1,Physical,,518.254,0
17:10:04:22:27:24.9::Harkken,P[511693318@23789296 Harkken@sshookman],,*,,*,Electric Shot,Pn.6e618t1,Power,,-11.9821,0
17:10:04:22:27:25.7::Harkken,P[511693318@23789296 Harkken@sshookman],,*,Target Dummy,C[278516 Entity_Targetdummy],Electric Shot,Pn.2zr0it1,Physical,Critical,1332.01,0
17:10:04:22:27:25.7::Harkken,P[511693318@23789296 Harkken@sshookman],,*,Target Dummy,C[278516 Entity_Targetdummy],Longshot,Pn.6hn0so1,Physical,,199.27,0
17:10:04:22:27:25.8::Harkken,P[511693318@23789296 Harkken@sshookman],,*,,*,Electric Shot,Pn.2zr0it1,Power,,-17.1173,0
17:10:04:22:27:26.9::Harkken,P[511693318@23789296 Harkken@sshookman],,*,,*,Electric Shot,Pn.Atk1ys1,Power,,-11.9821,0
17:10:04:22:27:26.9::Harkken,P[511693318@23789296 Harkken@sshookman],,*,Target Dummy,C[278516 Entity_Targetdummy],Electric Shot,Pn.Atk1ys1,Physical,,560.789,0
17:10:04:22:27:27.7::Harkken,P[511693318@23789296 Harkken@sshookman],,*,Target Dummy,C[278516 Entity_Targetdummy],Electric Shot,Pn.6e618t1,Physical,,519.701,0
17:10:04:22:27:27.8::Harkken,P[511693318@23789296 Harkken@sshookman],,*,,*,Electric Shot,Pn.6e618t1,Power,,-11.9821,0
17:10:04:22:27:28.6::Harkken,P[511693318@23789296 Harkken@sshookman],,*,Target Dummy,C[278516 Entity_Targetdummy],Electric Shot,Pn.2zr0it1,Physical,,728.314,0
17:10:04:22:27:28.7::Harkken,P[511693318@23789296 Harkken@sshookman],,*,,*,Electric Shot,Pn.2zr0it1,Power,,-17.1173,0
17:10:04:22:27:29.9::Harkken,P[511693318@23789296 Harkken@sshookman],,*,,*,Electric Shot,Pn.Atk1ys1,Power,,-11.9821,0
17:10:04:22:27:29.9::Harkken,P[511693318@23789296 Harkken@sshookman],,*,Target Dummy,C[278516 Entity_Targetdummy],Electric Shot,Pn.Atk1ys1,Physical,,543.589,0
17:10:04:22:27:30.6::Harkken,P[511693318@23789296 Harkken@sshookman],,*,Target Dummy,C[278516 Entity_Targetdummy],Electric Shot,Pn.6e618t1,Physical,,544.048,0
17:10:04:22:27:30.7::Harkken,P[511693318@23789296 Harkken@sshookman],,*,,*,Electric Shot,Pn.6e618t1,Power,,-11.9821,0
17:10:04:22:27:31.6::Harkken,P[511693318@23789296 Harkken@sshookman],,*,,*,Electric Shot,Pn.2zr0it1,Power,,-17.1173,0
17:10:04:22:27:31.6::Harkken,P[511693318@23789296 Harkken@sshookman],,*,Target Dummy,C[278516 Entity_Targetdummy],Electric Shot,Pn.2zr0it1,Physical,,778.906,0
17:10:04:22:27:32.9::Harkken,P[511693318@23789296 Harkken@sshookman],,*,Target Dummy,C[278516 Entity_Targetdummy],Electric Shot,Pn.Atk1ys1,Physical,,511.172,0
17:10:04:22:27:33.1::Harkken,P[511693318@23789296 Harkken@sshookman],,*,,*,Electric Shot,Pn.Atk1ys1,Power,,-11.9821,0
17:10:04:22:27:33.7::Harkken,P[511693318@23789296 Harkken@sshookman],,*,Target Dummy,C[278516 Entity_Targetdummy],Electric Shot,Pn.6e618t1,Physical,,560.428,0
17:10:04:22:27:33.8::Harkken,P[511693318@23789296 Harkken@sshookman],,*,,*,Electric Shot,Pn.6e618t1,Power,,-11.9821,0
17:10:04:22:27:34.4::Harkken,P[511693318@23789296 Harkken@sshookman],,*,Target Dummy,C[278516 Entity_Targetdummy],Electric Shot,Pn.2zr0it1,Physical,,776.613,0
17:10:04:22:27:34.7::Harkken,P[511693318@23789296 Harkken@sshookman],,*,,*,Electric Shot,Pn.2zr0it1,Power,,-17.1173,0
17:10:04:22:27:35.7::Harkken,P[511693318@23789296 Harkken@sshookman],,*,,*,Electric Shot,Pn.Atk1ys1,Power,,-11.9821,0
17:10:04:22:27:35.7::Harkken,P[511693318@23789296 Harkken@sshookman],,*,Target Dummy,C[278516 Entity_Targetdummy],Electric Shot,Pn.Atk1ys1,Physical,,544.642,0
17:10:04:22:27:36.6::Harkken,P[511693318@23789296 Harkken@sshookman],,*,,*,Electric Shot,Pn.6e618t1,Power,,-11.9821,0
17:10:04:22:27:36.6::Harkken,P[511693318@23789296 Harkken@sshookman],,*,Target Dummy,C[278516 Entity_Targetdummy],Electric Shot,Pn.6e618t1,Physical,,561.985,0
17:10:04:22:27:37.4::Harkken,P[511693318@23789296 Harkken@sshookman],,*,Target Dummy,C[278516 Entity_Targetdummy],Electric Shot,Pn.2zr0it1,Physical,,828.774,0
17:10:04:22:27:37.5::Harkken,P[511693318@23789296 Harkken@sshookman],,*,,*,Electric Shot,Pn.2zr0it1,Power,,-17.1173,0
17:10:04:22:27:39.0::Harkken,P[511693318@23789296 Harkken@sshookman],,*,,*,Electric Shot,Pn.Atk1ys1,Power,,-11.9821,0
17:10:04:22:27:39.0::Harkken,P[511693318@23789296 Harkken@sshookman],,*,Target Dummy,C[278516 Entity_Targetdummy],Electric Shot,Pn.Atk1ys1,Physical,,525.398,0
17:10:04:22:27:39.4::Harkken,P[511693318@23789296 Harkken@sshookman],,*,Target Dummy,C[278516 Entity_Targetdummy],Electric Shot,Pn.2zr0it1,Physical,,749.67,0
17:10:04:22:27:39.7::Harkken,P[511693318@23789296 Harkken@sshookman],,*,,*,Electric Shot,Pn.2zr0it1,Power,,-17.1173,0
17:10:04:22:27:40.7::Harkken,P[511693318@23789296 Harkken@sshookman],,*,Target Dummy,C[278516 Entity_Targetdummy],Electric Shot,Pn.Atk1ys1,Physical,,525.848,0
17:10:04:22:27:40.8::Harkken,P[511693318@23789296 Harkken@sshookman],,*,,*,Electric Shot,Pn.Atk1ys1,Power,,-11.9821,0
17:10:04:22:27:41.7::Harkken,P[511693318@23789296 Harkken@sshookman],,*,Target Dummy,C[278516 Entity_Targetdummy],Electric Shot,Pn.6e618t1,Physical,,491.296,0
17:10:04:22:27:42.2::Harkken,P[511693318@23789296 Harkken@sshookman],,*,,*,Electric Shot,Pn.6e618t1,Power,,-11.9821,0
17:10:04:22:27:42.7::Harkken,P[511693318@23789296 Harkken@sshookman],,*,Target Dummy,C[278516 Entity_Targetdummy],Electric Shot,Pn.2zr0it1,Physical,,740.507,0
17:10:04:22:27:42.8::Harkken,P[511693318@23789296 Harkken@sshookman],,*,,*,Electric Shot,Pn.2zr0it1,Power,,-17.1173,0
17:10:04:22:27:44.1::Harkken,P[511693318@23789296 Harkken@sshookman],,*,Target Dummy,C[278516 Entity_Targetdummy],Electric Shot,Pn.Atk1ys1,Physical,,521.872,0
17:10:04:22:27:44.2::Harkken,P[511693318@23789296 Harkken@sshookman],,*,,*,Electric Shot,Pn.Atk1ys1,Power,,-11.9821,0
17:10:04:22:27:45.0::Harkken,P[511693318@23789296 Harkken@sshookman],,*,Target Dummy,C[278516 Entity_Targetdummy],Electric Shot,Pn.6e618t1,Physical,Critical,852.996,0
17:10:04:22:27:45.0::Harkken,P[511693318@23789296 Harkken@sshookman],,*,Target Dummy,C[278516 Entity_Targetdummy],Longshot,Pn.6hn0so1,Physical,,192.368,0
17:10:04:22:27:45.1::Harkken,P[511693318@23789296 Harkken@sshookman],,*,,*,Electric Shot,Pn.6e618t1,Power,,-11.9821,0
17:10:04:22:27:45.8::Harkken,P[511693318@23789296 Harkken@sshookman],,*,Target Dummy,C[278516 Entity_Targetdummy],Electric Shot,Pn.2zr0it1,Physical,,732.744,0
17:10:04:22:27:46.2::Harkken,P[511693318@23789296 Harkken@sshookman],,*,,*,Electric Shot,Pn.2zr0it1,Power,,-17.1173,0
17:10:04:22:27:47.1::Harkken,P[511693318@23789296 Harkken@sshookman],,*,,*,Electric Shot,Pn.Atk1ys1,Power,,-11.9821,0
17:10:04:22:27:47.3::Harkken,P[511693318@23789296 Harkken@sshookman],,*,Target Dummy,C[278516 Entity_Targetdummy],Electric Shot,Pn.Atk1ys1,Physical,,546.383,0
17:10:04:22:27:48.0::Harkken,P[511693318@23789296 Harkken@sshookman],,*,,*,Electric Shot,Pn.6e618t1,Power,,-11.9821,0
17:10:04:22:27:48.0::Harkken,P[511693318@23789296 Harkken@sshookman],,*,Target Dummy,C[278516 Entity_Targetdummy],Longshot,Pn.6hn0so1,Physical,,217.021,0
17:10:04:22:27:48.0::Harkken,P[511693318@23789296 Harkken@sshookman],,*,Target Dummy,C[278516 Entity_Targetdummy],Electric Shot,Pn.6e618t1,Physical,Critical,968.655,0
17:10:04:22:27:48.8::Harkken,P[511693318@23789296 Harkken@sshookman],,*,Target Dummy,C[278516 Entity_Targetdummy],Electric Shot,Pn.2zr0it1,Physical,,777.433,0
17:10:04:22:27:48.9::Harkken,P[511693318@23789296 Harkken@sshookman],,*,,*,Electric Shot,Pn.2zr0it1,Power,,-17.1173,0
17:10:04:22:27:50.0::Harkken,P[511693318@23789296 Harkken@sshookman],,*,,*,Electric Shot,Pn.Atk1ys1,Power,,-11.9821,0
17:10:04:22:27:50.0::Harkken,P[511693318@23789296 Harkken@sshookman],,*,Target Dummy,C[278516 Entity_Targetdummy],Electric Shot,Pn.Atk1ys1,Physical,,486.205,0
17:10:04:22:27:51.0::Harkken,P[511693318@23789296 Harkken@sshookman],,*,,*,Electric Shot,Pn.6e618t1,Power,,-11.9821,0
17:10:04:22:27:51.0::Harkken,P[511693318@23789296 Harkken@sshookman],,*,Target Dummy,C[278516 Entity_Targetdummy],Electric Shot,Pn.6e618t1,Physical,,520.044,0
17:10:04:22:27:51.8::Harkken,P[511693318@23789296 Harkken@sshookman],,*,Target Dummy,C[278516 Entity_Targetdummy],Longshot,Pn.6hn0so1,Physical,,218.837,0
17:10:04:22:27:51.8::Harkken,P[511693318@23789296 Harkken@sshookman],,*,Target Dummy,C[278516 Entity_Targetdummy],Electric Shot,Pn.2zr0it1,Physical,Critical,1350.35,0
17:10:04:22:27:52.0::Harkken,P[511693318@23789296 Harkken@sshookman],,*,,*,Electric Shot,Pn.2zr0it1,Power,,-17.1173,0
17:10:04:22:27:53.1::Harkken,P[511693318@23789296 Harkken@sshookman],,*,,*,Electric Shot,Pn.Atk1ys1,Power,,-11.9821,0
17:10:04:22:27:53.1::Harkken,P[511693318@23789296 Harkken@sshookman],,*,Target Dummy,C[278516 Entity_Targetdummy],Electric Shot,Pn.Atk1ys1,Physical,Critical,888.511,0
17:10:04:22:27:53.1::Harkken,P[511693318@23789296 Harkken@sshookman],,*,Target Dummy,C[278516 Entity_Targetdummy],Longshot,Pn.6hn0so1,Physical,,204.916,0
17:10:04:22:27:53.9::Harkken,P[511693318@23789296 Harkken@sshookman],,*,Target Dummy,C[278516 Entity_Targetdummy],Electric Shot,Pn.2zr0it1,Physical,,791.592,0
17:10:04:22:27:54.1::Harkken,P[511693318@23789296 Harkken@sshookman],,*,,*,Electric Shot,Pn.2zr0it1,Power,,-17.1173,0
17:10:04:22:27:55.0::Harkken,P[511693318@23789296 Harkken@sshookman],,*,Target Dummy,C[278516 Entity_Targetdummy],Electric Shot,Pn.Atk1ys1,Physical,,481.331,0
17:10:04:22:27:55.1::Harkken,P[511693318@23789296 Harkken@sshookman],,*,,*,Electric Shot,Pn.Atk1ys1,Power,,-11.9821,0
17:10:04:22:27:55.9::Harkken,P[511693318@23789296 Harkken@sshookman],,*,,*,Electric Shot,Pn.6e618t1,Power,,-11.9821,0
17:10:04:22:27:55.9::Harkken,P[511693318@23789296 Harkken@sshookman],,*,Target Dummy,C[278516 Entity_Targetdummy],Electric Shot,Pn.6e618t1,Physical,,521.884,0
17:10:04:22:27:56.8::Harkken,P[511693318@23789296 Harkken@sshookman],,*,Target Dummy,C[278516 Entity_Targetdummy],Electric Shot,Pn.2zr0it1,Physical,Critical,1362.87,0
17:10:04:22:27:56.8::Harkken,P[511693318@23789296 Harkken@sshookman],,*,Target Dummy,C[278516 Entity_Targetdummy],Longshot,Pn.6hn0so1,Physical,,198.013,0
17:10:04:22:27:57.0::Harkken,P[511693318@23789296 Harkken@sshookman],,*,,*,Electric Shot,Pn.2zr0it1,Power,,-17.1173,0
17:10:04:22:27:58.2::Harkken,P[511693318@23789296 Harkken@sshookman],,*,,*,Electric Shot,Pn.Atk1ys1,Power,,-11.9821,0
17:10:04:22:27:58.2::Harkken,P[511693318@23789296 Harkken@sshookman],,*,Target Dummy,C[278516 Entity_Targetdummy],Electric Shot,Pn.Atk1ys1,Physical,,532.936,0
17:10:04:22:27:59.0::Harkken,P[511693318@23789296 Harkken@sshookman],,*,Target Dummy,C[278516 Entity_Targetdummy],Electric Shot,Pn.6e618t1,Physical,,550.93,0
17:10:04:22:27:59.1::Harkken,P[511693318@23789296 Harkken@sshookman],,*,,*,Electric Shot,Pn.6e618t1,Power,,-11.9821,0
17:10:04:22:27:59.7::Harkken,P[511693318@23789296 Harkken@sshookman],,*,,*,Electric Shot,Pn.2zr0it1,Power,,-17.1173,0
17:10:04:22:27:59.7::Harkken,P[511693318@23789296 Harkken@sshookman],,*,Target Dummy,C[278516 Entity_Targetdummy],Electric Shot,Pn.2zr0it1,Physical,,764.084,0
17:10:04:22:28:00.9::Harkken,P[511693318@23789296 Harkken@sshookman],,*,Target Dummy,C[278516 Entity_Targetdummy],Electric Shot,Pn.Atk1ys1,Physical,,482.914,0
17:10:04:22:28:01.0::Harkken,P[511693318@23789296 Harkken@sshookman],,*,,*,Electric Shot,Pn.Atk1ys1,Power,,-11.9821,0
17:10:04:22:28:01.8::Harkken,P[511693318@23789296 Harkken@sshookman],,*,,*,Electric Shot,Pn.6e618t1,Power,,-11.9821,0
17:10:04:22:28:01.8::Harkken,P[511693318@23789296 Harkken@sshookman],,*,Target Dummy,C[278516 Entity_Targetdummy],Electric Shot,Pn.6e618t1,Physical,,480.291,0
17:10:04:22:28:02.6::Harkken,P[511693318@23789296 Harkken@sshookman],,*,Target Dummy,C[278516 Entity_Targetdummy],Electric Shot,Pn.2zr0it1,Physical,,791.613,0
17:10:04:22:28:02.7::Harkken,P[511693318@23789296 Harkken@sshookman],,*,,*,Electric Shot,Pn.2zr0it1,Power,,-17.1173,0
17:10:04:22:28:04.1::Harkken,P[511693318@23789296 Harkken@sshookman],,*,,*,Electric Shot,Pn.Atk1ys1,Power,,-11.9821,0
17:10:04:22:28:04.1::Harkken,P[511693318@23789296 Harkken@sshookman],,*,Target Dummy,C[278516 Entity_Targetdummy],Electric Shot,Pn.Atk1ys1,Physical,,485.149,0
17:10:04:22:28:04.6::Harkken,P[511693318@23789296 Harkken@sshookman],,*,Target Dummy,C[278516 Entity_Targetdummy],Electric Shot,Pn.6e618t1,Physical,Critical,974.972,0
17:10:04:22:28:04.6::Harkken,P[511693318@23789296 Harkken@sshookman],,*,Target Dummy,C[278516 Entity_Targetdummy],Longshot,Pn.6hn0so1,Physical,,188.246,0
17:10:04:22:28:04.7::Harkken,P[511693318@23789296 Harkken@sshookman],,*,,*,Electric Shot,Pn.6e618t1,Power,,-11.9821,0
17:10:04:22:28:05.6::Harkken,P[511693318@23789296 Harkken@sshookman],,*,Target Dummy,C[278516 Entity_Targetdummy],Electric Shot,Pn.2zr0it1,Physical,,747.644,0
17:10:04:22:28:05.7::Harkken,P[511693318@23789296 Harkken@sshookman],,*,,*,Electric Shot,Pn.2zr0it1,Power,,-17.1173,0
17:10:04:22:28:06.8::Harkken,P[511693318@23789296 Harkken@sshookman],,*,Target Dummy,C[278516 Entity_Targetdummy],Electric Shot,Pn.Atk1ys1,Physical,,548.972,0
17:10:04:22:28:06.9::Harkken,P[511693318@23789296 Harkken@sshookman],,*,,*,Electric Shot,Pn.Atk1ys1,Power,,-11.9821,0
17:10:04:22:28:07.6::Harkken,P[511693318@23789296 Harkken@sshookman],,*,Target Dummy,C[278516 Entity_Targetdummy],Electric Shot,Pn.6e618t1,Physical,Critical,858.533,0
17:10:04:22:28:07.6::Harkken,P[511693318@23789296 Harkken@sshookman],,*,Target Dummy,C[278516 Entity_Targetdummy],Longshot,Pn.6hn0so1,Physical,,190.326,0
17:10:04:22:28:07.7::Harkken,P[511693318@23789296 Harkken@sshookman],,*,,*,Electric Shot,Pn.6e618t1,Power,,-11.9821,0
17:10:04:22:28:08.4::Harkken,P[511693318@23789296 Harkken@sshookman],,*,Target Dummy,C[278516 Entity_Targetdummy],Electric Shot,Pn.2zr0it1,Physical,,738.628,0
17:10:04:22:28:08.5::Harkken,P[511693318@23789296 Harkken@sshookman],,*,,*,Electric Shot,Pn.2zr0it1,Power,,-17.1173,0
17:10:04:22:28:09.7::Harkken,P[511693318@23789296 Harkken@sshookman],,*,Target Dummy,C[278516 Entity_Targetdummy],Electric Shot,Pn.Atk1ys1,Physical,,514.205,0
17:10:04:22:28:09.8::Harkken,P[511693318@23789296 Harkken@sshookman],,*,,*,Electric Shot,Pn.Atk1ys1,Power,,-11.9821,0
17:10:04:22:28:10.5::Harkken,P[511693318@23789296 Harkken@sshookman],,*,Target Dummy,C[278516 Entity_Targetdummy],Electric Shot,Pn.6e618t1,Physical,,512.361,0
17:10:04:22:28:10.6::Harkken,P[511693318@23789296 Harkken@sshookman],,*,,*,Electric Shot,Pn.6e618t1,Power,,-11.9821,0
17:10:04:22:28:11.4::Harkken,P[511693318@23789296 Harkken@sshookman],,*,Target Dummy,C[278516 Entity_Targetdummy],Electric Shot,Pn.2zr0it1,Physical,,816.488,0
17:10:04:22:28:11.6::Harkken,P[511693318@23789296 Harkken@sshookman],,*,,*,Electric Shot,Pn.2zr0it1,Power,,-17.1173,0
17:10:04:22:28:12.7::Harkken,P[511693318@23789296 Harkken@sshookman],,*,Target Dummy,C[278516 Entity_Targetdummy],Electric Shot,Pn.Atk1ys1,Physical,,547.798,0
17:10:04:22:28:12.8::Harkken,P[511693318@23789296 Harkken@sshookman],,*,,*,Electric Shot,Pn.Atk1ys1,Power,,-11.9821,0
17:10:04:22:28:13.5::Harkken,P[511693318@23789296 Harkken@sshookman],,*,Target Dummy,C[278516 Entity_Targetdummy],Electric Shot,Pn.2zr0it1,Physical,,724.213,0
17:10:04:22:28:13.7::Harkken,P[511693318@23789296 Harkken@sshookman],,*,,*,Electric Shot,Pn.2zr0it1,Power,,-17.1173,0
17:10:04:22:28:14.7::Harkken,P[511693318@23789296 Harkken@sshookman],,*,Target Dummy,C[278516 Entity_Targetdummy],Electric Shot,Pn.Atk1ys1,Physical,,517.357,0
17:10:04:22:28:14.8::Harkken,P[511693318@23789296 Harkken@sshookman],,*,,*,Electric Shot,Pn.Atk1ys1,Power,,-11.9821,0
17:10:04:22:28:15.5::Harkken,P[511693318@23789296 Harkken@sshookman],,*,Target Dummy,C[278516 Entity_Targetdummy],Electric Shot,Pn.6e618t1,Physical,,547.112,0
17:10:04:22:28:15.7::Harkken,P[511693318@23789296 Harkken@sshookman],,*,,*,Electric Shot,Pn.6e618t1,Power,,-11.9821,0
17:10:04:22:28:16.4::Harkken,P[511693318@23789296 Harkken@sshookman],,*,Target Dummy,C[278516 Entity_Targetdummy],Electric Shot,Pn.2zr0it1,Physical,,719.519,0
17:10:04:22:28:16.5::Harkken,P[511693318@23789296 Harkken@sshookman],,*,,*,Electric Shot,Pn.2zr0it1,Power,,-17.1173,0
17:10:04:22:28:17.7::Harkken,P[511693318@23789296 Harkken@sshookman],,*,,*,Electric Shot,Pn.Atk1ys1,Power,,-11.9821,0
17:10:04:22:28:17.7::Harkken,P[511693318@23789296 Harkken@sshookman],,*,Target Dummy,C[278516 Entity_Targetdummy],Electric Shot,Pn.Atk1ys1,Physical,Critical,889.825,0
17:10:04:22:28:17.7::Harkken,P[511693318@23789296 Harkken@sshookman],,*,Target Dummy,C[278516 Entity_Targetdummy],Longshot,Pn.6hn0so1,Physical,,191.778,0
17:10:04:22:28:18.4::Harkken,P[511693318@23789296 Harkken@sshookman],,*,Target Dummy,C[278516 Entity_Targetdummy],Electric Shot,Pn.6e618t1,Physical,,534.475,0
17:10:04:22:28:18.5::Harkken,P[511693318@23789296 Harkken@sshookman],,*,,*,Electric Shot,Pn.6e618t1,Power,,-11.9821,0
17:10:04:22:28:19.3::Harkken,P[511693318@23789296 Harkken@sshookman],,*,Target Dummy,C[278516 Entity_Targetdummy],Electric Shot,Pn.2zr0it1,Physical,,759.443,0
17:10:04:22:28:19.4::Harkken,P[511693318@23789296 Harkken@sshookman],,*,,*,Electric Shot,Pn.2zr0it1,Power,,-17.1173,0
17:10:04:22:28:20.5::Harkken,P[511693318@23789296 Harkken@sshookman],,*,Target Dummy,C[278516 Entity_Targetdummy],Electric Shot,Pn.Atk1ys1,Physical,,490.173,0
17:10:04:22:28:20.6::Harkken,P[511693318@23789296 Harkken@sshookman],,*,,*,Electric Shot,Pn.Atk1ys1,Power,,-11.9821,0
17:10:04:22:28:21.3::Harkken,P[511693318@23789296 Harkken@sshookman],,*,Target Dummy,C[278516 Entity_Targetdummy],Electric Shot,Pn.6e618t1,Physical,Critical,974.694,0
17:10:04:22:28:21.3::Harkken,P[511693318@23789296 Harkken@sshookman],,*,Target Dummy,C[278516 Entity_Targetdummy],Longshot,Pn.6hn0so1,Physical,,216.295,0
17:10:04:22:28:21.5::Harkken,P[511693318@23789296 Harkken@sshookman],,*,,*,Electric Shot,Pn.6e618t1,Power,,-11.9821,0
17:10:04:22:28:22.2::Harkken,P[511693318@23789296 Harkken@sshookman],,*,Target Dummy,C[278516 Entity_Targetdummy],Electric Shot,Pn.2zr0it1,Physical,,778.555,0
17:10:04:22:28:22.3::Harkken,P[511693318@23789296 Harkken@sshookman],,*,,*,Electric Shot,Pn.2zr0it1,Power,,-17.1173,0
17:10:04:22:28:23.4::Harkken,P[511693318@23789296 Harkken@sshookman],,*,,*,Electric Shot,Pn.Atk1ys1,Power,,-11.9821,0
17:10:04:22:28:23.4::Harkken,P[511693318@23789296 Harkken@sshookman],,*,Target Dummy,C[278516 Entity_Targetdummy],Electric Shot,Pn.Atk1ys1,Physical,,482.386,0
17:10:04:22:28:24.3::Harkken,P[511693318@23789296 Harkken@sshookman],,*,,*,Electric Shot,Pn.6e618t1,Power,,-11.9821,0
17:10:04:22:28:24.3::Harkken,P[511693318@23789296 Harkken@sshookman],,*,Target Dummy,C[278516 Entity_Targetdummy],Electric Shot,Pn.6e618t1,Physical,,557.287,0
17:10:04:22:28:25.0::Harkken,P[511693318@23789296 Harkken@sshookman],,*,Target Dummy,C[278516 Entity_Targetdummy],Electric Shot,Pn.2zr0it1,Physical,,843.497,0
17:10:04:22:28:25.1::Harkken,P[511693318@23789296 Harkken@sshookman],,*,,*,Electric Shot,Pn.2zr0it1,Power,,-17.1173,0
17:10:04:22:28:26.3::Harkken,P[511693318@23789296 Harkken@sshookman],,*,,*,Electric Shot,Pn.Atk1ys1,Power,,-11.9821,0
17:10:04:22:28:26.3::Harkken,P[511693318@23789296 Harkken@sshookman],,*,Target Dummy,C[278516 Entity_Targetdummy],Electric Shot,Pn.Atk1ys1,Physical,Critical,861.582,0
17:10:04:22:28:26.3::Harkken,P[511693318@23789296 Harkken@sshookman],,*,Target Dummy,C[278516 Entity_Targetdummy],Longshot,Pn.6hn0so1,Physical,,213.39,0
17:10:04:22:28:27.2::Harkken,P[511693318@23789296 Harkken@sshookman],,*,,*,Electric Shot,Pn.6e618t1,Power,,-11.9821,0
17:10:04:22:28:27.3::Harkken,P[511693318@23789296 Harkken@sshookman],,*,Target Dummy,C[278516 Entity_Targetdummy],Electric Shot,Pn.6e618t1,Physical,,532.099,0
17:10:04:22:28:28.0::Harkken,P[511693318@23789296 Harkken@sshookman],,*,Target Dummy,C[278516 Entity_Targetdummy],Electric Shot,Pn.2zr0it1,Physical,,816.296,0
17:10:04:22:28:28.1::Harkken,P[511693318@23789296 Harkken@sshookman],,*,,*,Electric Shot,Pn.2zr0it1,Power,,-17.1173,0
17:10:04:22:28:29.3::Harkken,P[511693318@23789296 Harkken@sshookman],,*,,*,Electric Shot,Pn.Atk1ys1,Power,,-11.9821,0
17:10:04:22:28:29.3::Harkken,P[511693318@23789296 Harkken@sshookman],,*,Target Dummy,C[278516 Entity_Targetdummy],Electric Shot,Pn.Atk1ys1,Physical,,536.703,0
17:10:04:22:28:30.2::Harkken,P[511693318@23789296 Harkken@sshookman],,*,,*,Electric Shot,Pn.6e618t1,Power,,-11.9821,0
17:10:04:22:28:30.2::Harkken,P[511693318@23789296 Harkken@sshookman],,*,Target Dummy,C[278516 Entity_Targetdummy],Electric Shot,Pn.6e618t1,Physical,,520.843,0
17:10:04:22:28:31.4::Harkken,P[511693318@23789296 Harkken@sshookman],,*,,*,Electric Shot,Pn.2zr0it1,Power,,-17.1173,0
17:10:04:22:28:31.4::Harkken,P[511693318@23789296 Harkken@sshookman],,*,Target Dummy,C[278516 Entity_Targetdummy],Electric Shot,Pn.2zr0it1,Physical,,825.066,0
17:10:04:22:28:32.3::Harkken,P[511693318@23789296 Harkken@sshookman],,*,,*,Electric Shot,Pn.Atk1ys1,Power,,-11.9821,0
17:10:04:22:28:32.3::Harkken,P[511693318@23789296 Harkken@sshookman],,*,Target Dummy,C[278516 Entity_Targetdummy],Electric Shot,Pn.Atk1ys1,Physical,,559.034,0
17:10:04:22:28:33.2::Harkken,P[511693318@23789296 Harkken@sshookman],,*,,*,Electric Shot,Pn.6e618t1,Power,,-11.9821,0
17:10:04:22:28:33.2::Harkken,P[511693318@23789296 Harkken@sshookman],,*,Target Dummy,C[278516 Entity_Targetdummy],Electric Shot,Pn.6e618t1,Physical,,542.322,0
17:10:04:22:28:34.0::Harkken,P[511693318@23789296 Harkken@sshookman],,*,Target Dummy,C[278516 Entity_Targetdummy],Electric Shot,Pn.2zr0it1,Physical,Critical,1291.51,0
17:10:04:22:28:34.0::Harkken,P[511693318@23789296 Harkken@sshookman],,*,Target Dummy,C[278516 Entity_Targetdummy],Longshot,Pn.6hn0so1,Physical,,198.729,0
17:10:04:22:28:34.1::Harkken,P[511693318@23789296 Harkken@sshookman],,*,,*,Electric Shot,Pn.2zr0it1,Power,,-17.1173,0
17:10:04:22:28:35.2::Harkken,P[511693318@23789296 Harkken@sshookman],,*,,*,Electric Shot,Pn.Atk1ys1,Power,,-11.9821,0
17:10:04:22:28:35.2::Harkken,P[511693318@23789296 Harkken@sshookman],,*,Target Dummy,C[278516 Entity_Targetdummy],Electric Shot,Pn.Atk1ys1,Physical,,540.471,0
17:10:04:22:28:36.0::Harkken,P[511693318@23789296 Harkken@sshookman],,*,Target Dummy,C[278516 Entity_Targetdummy],Electric Shot,Pn.6e618t1,Physical,,549.618,0
17:10:04:22:28:36.1::Harkken,P[511693318@23789296 Harkken@sshookman],,*,,*,Electric Shot,Pn.6e618t1,Power,,-11.9821,0
17:10:04:22:28:36.8::Harkken,P[511693318@23789296 Harkken@sshookman],,*,,*,Electric Shot,Pn.2zr0it1,Power,,-17.1173,0
17:10:04:22:28:36.8::Harkken,P[511693318@23789296 Harkken@sshookman],,*,Target Dummy,C[278516 Entity_Targetdummy],Electric Shot,Pn.2zr0it1,Physical,,792.301,0
17:10:04:22:28:38.2::Harkken,P[511693318@23789296 Harkken@sshookman],,*,,*,Electric Shot,Pn.Atk1ys1,Power,,-11.9821,0
17:10:04:22:28:38.2::Harkken,P[511693318@23789296 Harkken@sshookman],,*,Target Dummy,C[278516 Entity_Targetdummy],Electric Shot,Pn.Atk1ys1,Physical,,547.314,0
17:10:04:22:28:39.3::Harkken,P[511693318@23789296 Harkken@sshookman],,*,Target Dummy,C[278516 Entity_Targetdummy],Electric Shot,Pn.6e618t1,Physical,,510.225,0
17:10:04:22:28:39.5::Harkken,P[511693318@23789296 Harkken@sshookman],,*,,*,Electric Shot,Pn.6e618t1,Power,,-11.9821,0
17:10:04:22:28:40.2::Harkken,P[511693318@23789296 Harkken@sshookman],,*,,*,Electric Shot,Pn.2zr0it1,Power,,-17.1173,0
17:10:04:22:28:40.2::Harkken,P[511693318@23789296 Harkken@sshookman],,*,Target Dummy,C[278516 Entity_Targetdummy],Electric Shot,Pn.2zr0it1,Physical,,775.589,0
17:10:04:22:28:41.2::Harkken,P[511693318@23789296 Harkken@sshookman],,*,,*,Electric Shot,Pn.Atk1ys1,Power,,-11.9821,0
17:10:04:22:28:41.4::Harkken,P[511693318@23789296 Harkken@sshookman],,*,Target Dummy,C[278516 Entity_Targetdummy],Electric Shot,Pn.Atk1ys1,Physical,,562.4,0
17:10:04:22:28:42.1::Harkken,P[511693318@23789296 Harkken@sshookman],,*,,*,Electric Shot,Pn.6e618t1,Power,,-11.9821,0
17:10:04:22:28:42.2::Harkken,P[511693318@23789296 Harkken@sshookman],,*,Target Dummy,C[278516 Entity_Targetdummy],Electric Shot,Pn.6e618t1,Physical,Critical,963.347,0
17:10:04:22:28:42.2::Harkken,P[511693318@23789296 Harkken@sshookman],,*,Target Dummy,C[278516 Entity_Targetdummy],Longshot,Pn.6hn0so1,Physical,,209.135,0
17:10:04:22:28:42.9::Harkken,P[511693318@23789296 Harkken@sshookman],,*,Target Dummy,C[278516 Entity_Targetdummy],Electric Shot,Pn.2zr0it1,Physical,,759.878,0
17:10:04:22:28:43.0::Harkken,P[511693318@23789296 Harkken@sshookman],,*,,*,Electric Shot,Pn.2zr0it1,Power,,-17.1173,0
17:10:04:22:28:44.3::Harkken,P[511693318@23789296 Harkken@sshookman],,*,,*,Electric Shot,Pn.Atk1ys1,Power,,-11.9821,0
17:10:04:22:28:44.3::Harkken,P[511693318@23789296 Harkken@sshookman],,*,Target Dummy,C[278516 Entity_Targetdummy],Electric Shot,Pn.Atk1ys1,Physical,Critical,975.9,0
17:10:04:22:28:44.3::Harkken,P[511693318@23789296 Harkken@sshookman],,*,Target Dummy,C[278516 Entity_Targetdummy],Longshot,Pn.6hn0so1,Physical,,217.011,0
17:10:04:22:28:45.0::Harkken,P[511693318@23789296 Harkken@sshookman],,*,,*,Electric Shot,Pn.2zr0it1,Power,,-17.1173,0
17:10:04:22:28:45.0::Harkken,P[511693318@23789296 Harkken@sshookman],,*,Target Dummy,C[278516 Entity_Targetdummy],Electric Shot,Pn.2zr0it1,Physical,,833.63,0
17:10:04:22:28:46.2::Harkken,P[511693318@23789296 Harkken@sshookman],,*,,*,Electric Shot,Pn.Atk1ys1,Power,,-11.9821,0
17:10:04:22:28:46.5::Harkken,P[511693318@23789296 Harkken@sshookman],,*,Target Dummy,C[278516 Entity_Targetdummy],Electric Shot,Pn.Atk1ys1,Physical,Critical,894.847,0
17:10:04:22:28:46.5::Harkken,P[511693318@23789296 Harkken@sshookman],,*,Target Dummy,C[278516 Entity_Targetdummy],Longshot,Pn.6hn0so1,Physical,,228.134,0
17:10:04:22:28:47.2::Harkken,P[511693318@23789296 Harkken@sshookman],,*,,*,Electric Shot,Pn.6e618t1,Power,,-11.9821,0
17:10:04:22:28:47.2::Harkken,P[511693318@23789296 Harkken@sshookman],,*,Target Dummy,C[278516 Entity_Targetdummy],Electric Shot,Pn.6e618t1,Physical,,550.527,0
17:10:04:22:28:47.9::Harkken,P[511693318@23789296 Harkken@sshookman],,*,Target Dummy,C[278516 Entity_Targetdummy],Longshot,Pn.6hn0so1,Physical,,201.629,0
17:10:04:22:28:47.9::Harkken,P[511693318@23789296 Harkken@sshookman],,*,Target Dummy,C[278516 Entity_Targetdummy],Electric Shot,Pn.2zr0it1,Physical,Critical,1284.7,0
17:10:04:22:28:48.3::Harkken,P[511693318@23789296 Harkken@sshookman],,*,,*,Electric Shot,Pn.2zr0it1,Power,,-17.1173,0
17:10:04:22:28:49.3::Harkken,P[511693318@23789296 Harkken@sshookman],,*,Target Dummy,C[278516 Entity_Targetdummy],Electric Shot,Pn.Atk1ys1,Physical,,479.616,0
17:10:04:22:28:49.7::Harkken,P[511693318@23789296 Harkken@sshookman],,*,,*,Electric Shot,Pn.Atk1ys1,Power,,-11.9821,0
17:10:04:22:28:50.4::Harkken,P[511693318@23789296 Harkken@sshookman],,*,,*,Electric Shot,Pn.6e618t1,Power,,-11.9821,0
17:10:04:22:28:50.4::Harkken,P[511693318@23789296 Harkken@sshookman],,*,Target Dummy,C[278516 Entity_Targetdummy],Electric Shot,Pn.6e618t1,Physical,,498.15,0
17:10:04:22:28:51.1::Harkken,P[511693318@23789296 Harkken@sshookman],,*,,*,Electric Shot,Pn.2zr0it1,Power,,-17.1173,0
17:10:04:22:28:51.3::Harkken,P[511693318@23789296 Harkken@sshookman],,*,Target Dummy,C[278516 Entity_Targetdummy],Electric Shot,Pn.2zr0it1,Physical,,762.343,0
17:10:04:22:28:52.4::Harkken,P[511693318@23789296 Harkken@sshookman],,*,Target Dummy,C[278516 Entity_Targetdummy],Electric Shot,Pn.Atk1ys1,Physical,,535.837,0
17:10:04:22:28:52.5::Harkken,P[511693318@23789296 Harkken@sshookman],,*,,*,Electric Shot,Pn.Atk1ys1,Power,,-11.9821,0
17:10:04:22:28:53.2::Harkken,P[511693318@23789296 Harkken@sshookman],,*,Target Dummy,C[278516 Entity_Targetdummy],Electric Shot,Pn.6e618t1,Physical,,485.45,0
17:10:04:22:28:53.3::Harkken,P[511693318@23789296 Harkken@sshookman],,*,,*,Electric Shot,Pn.6e618t1,Power,,-11.9821,0
17:10:04:22:28:54.2::Harkken,P[511693318@23789296 Harkken@sshookman],,*,,*,Electric Shot,Pn.2zr0it1,Power,,-17.1173,0
17:10:04:22:28:54.2::Harkken,P[511693318@23789296 Harkken@sshookman],,*,Target Dummy,C[278516 Entity_Targetdummy],Electric Shot,Pn.2zr0it1,Physical,,798.962,0
17:10:04:22:28:55.3::Harkken,P[511693318@23789296 Harkken@sshookman],,*,Target Dummy,C[278516 Entity_Targetdummy],Electric Shot,Pn.Atk1ys1,Physical,,511.186,0
17:10:04:22:28:55.4::Harkken,P[511693318@23789296 Harkken@sshookman],,*,,*,Electric Shot,Pn.Atk1ys1,Power,,-11.9821,0
17:10:04:22:28:56.2::Harkken,P[511693318@23789296 Harkken@sshookman],,*,,*,Electric Shot,Pn.6e618t1,Power,,-11.9821,0
17:10:04:22:28:56.2::Harkken,P[511693318@23789296 Harkken@sshookman],,*,Target Dummy,C[278516 Entity_Targetdummy],Electric Shot,Pn.6e618t1,Physical,,537.518,0
17:10:04:22:28:57.1::Harkken,P[511693318@23789296 Harkken@sshookman],,*,,*,Electric Shot,Pn.2zr0it1,Power,,-17.1173,0
17:10:04:22:28:57.1::Harkken,P[511693318@23789296 Harkken@sshookman],,*,Target Dummy,C[278516 Entity_Targetdummy],Electric Shot,Pn.2zr0it1,Physical,,832.673,0
17:10:04:22:28:58.3::Harkken,P[511693318@23789296 Harkken@sshookman],,*,,*,Electric Shot,Pn.Atk1ys1,Power,,-11.9821,0
17:10:04:22:28:58.3::Harkken,P[511693318@23789296 Harkken@sshookman],,*,Target Dummy,C[278516 Entity_Targetdummy],Electric Shot,Pn.Atk1ys1,Physical,,543.646,0
17:10:04:22:28:59.3::Harkken,P[511693318@23789296 Harkken@sshookman],,*,Target Dummy,C[278516 Entity_Targetdummy],Electric Shot,Pn.6e618t1,Physical,,486.282,0
17:10:04:22:28:59.4::Harkken,P[511693318@23789296 Harkken@sshookman],,*,,*,Electric Shot,Pn.6e618t1,Power,,-11.9821,0
17:10:04:22:28:59.9::Harkken,P[511693318@23789296 Harkken@sshookman],,*,Target Dummy,C[278516 Entity_Targetdummy],Electric Shot,Pn.2zr0it1,Physical,Critical,1389.59,0
17:10:04:22:28:59.9::Harkken,P[511693318@23789296 Harkken@sshookman],,*,Target Dummy,C[278516 Entity_Targetdummy],Longshot,Pn.6hn0so1,Physical,,198.716,0
17:10:04:22:29:00.0::Harkken,P[511693318@23789296 Harkken@sshookman],,*,,*,Electric Shot,Pn.2zr0it1,Power,,-17.1173,0
17:10:04:22:29:01.1::Harkken,P[511693318@23789296 Harkken@sshookman],,*,,*,Electric Shot,Pn.Atk1ys1,Power,,-11.9821,0
17:10:04:22:29:01.3::Harkken,P[511693318@23789296 Harkken@sshookman],,*,Target Dummy,C[278516 Entity_Targetdummy],Electric Shot,Pn.Atk1ys1,Physical,,485.913,0
17:10:04:22:29:02.0::Harkken,P[511693318@23789296 Harkken@sshookman],,*,Target Dummy,C[278516 Entity_Targetdummy],Electric Shot,Pn.2zr0it1,Physical,,824.383,0
17:10:04:22:29:02.1::Harkken,P[511693318@23789296 Harkken@sshookman],,*,,*,Electric Shot,Pn.2zr0it1,Power,,-17.1173,0
17:10:04:22:29:03.3::Harkken,P[511693318@23789296 Harkken@sshookman],,*,,*,Electric Shot,Pn.Atk1ys1,Power,,-11.9821,0
17:10:04:22:29:03.3::Harkken,P[511693318@23789296 Harkken@sshookman],,*,Target Dummy,C[278516 Entity_Targetdummy],Electric Shot,Pn.Atk1ys1,Physical,Critical,894.184,0
17:10:04:22:29:03.3::Harkken,P[511693318@23789296 Harkken@sshookman],,*,Target Dummy,C[278516 Entity_Targetdummy],Longshot,Pn.6hn0so1,Physical,,214.079,0
17:10:04:22:29:04.0::Harkken,P[511693318@23789296 Harkken@sshookman],,*,Target Dummy,C[278516 Entity_Targetdummy],Electric Shot,Pn.6e618t1,Physical,,550.27,0
17:10:04:22:29:04.1::Harkken,P[511693318@23789296 Harkken@sshookman],,*,,*,Electric Shot,Pn.6e618t1,Power,,-11.9821,0
17:10:04:22:29:04.8::Harkken,P[511693318@23789296 Harkken@sshookman],,*,Target Dummy,C[278516 Entity_Targetdummy],Electric Shot,Pn.2zr0it1,Physical,,816.344,0
17:10:04:22:29:04.9::Harkken,P[511693318@23789296 Harkken@sshookman],,*,,*,Electric Shot,Pn.2zr0it1,Power,,-17.1173,0
17:10:04:22:29:06.1::Harkken,P[511693318@23789296 Harkken@sshookman],,*,,*,Electric Shot,Pn.Atk1ys1,Power,,-11.9821,0
17:10:04:22:29:06.1::Harkken,P[511693318@23789296 Harkken@sshookman],,*,Target Dummy,C[278516 Entity_Targetdummy],Electric Shot,Pn.Atk1ys1,Physical,,515.949,0
